2025-07-16 11:46:01 INFO  [restartedMain] s.l.rest.app.SmartLendingRestApp - Starting SmartLendingRestApp using Java 21.0.6 with PID 64609 (/home/kitaro/dev-area/a2z-smart-lending-platform/backend/smart-lending-be/modules/smart-lending-api/smart-lending-rest-app/target/classes started by kitaro in /home/kitaro/dev-area/a2z-smart-lending-platform)
2025-07-16 11:46:01 INFO  [restartedMain] s.l.rest.app.SmartLendingRestApp - The following 1 profile is active: "uat"
2025-07-16 11:46:01 INFO  [restartedMain] o.s.b.d.e.DevToolsPropertyDefaultsPostProcessor - Devtools property defaults active! Set 'spring.devtools.add-properties' to 'false' to disable
2025-07-16 11:46:01 INFO  [restartedMain] o.s.b.d.e.DevToolsPropertyDefaultsPostProcessor - For additional web related logging consider setting the 'logging.level.web' property to 'DEBUG'
2025-07-16 11:46:01 INFO  [restartedMain] o.s.d.r.c.RepositoryConfigurationDelegate - Bootstrapping Spring Data JPA repositories in DEFAULT mode.
2025-07-16 11:46:01 INFO  [restartedMain] o.s.d.r.c.RepositoryConfigurationDelegate - Finished Spring Data repository scanning in 32 ms. Found 3 JPA repository interfaces.
2025-07-16 11:46:02 INFO  [restartedMain] o.s.b.w.e.tomcat.TomcatWebServer - Tomcat initialized with port 6201 (http)
2025-07-16 11:46:02 INFO  [restartedMain] o.a.catalina.core.StandardService - Starting service [Tomcat]
2025-07-16 11:46:02 INFO  [restartedMain] o.a.catalina.core.StandardEngine - Starting Servlet engine: [Apache Tomcat/10.1.40]
2025-07-16 11:46:02 INFO  [restartedMain] o.a.c.c.C.[Tomcat].[localhost].[/] - Initializing Spring embedded WebApplicationContext
2025-07-16 11:46:02 INFO  [restartedMain] o.s.b.w.s.c.ServletWebServerApplicationContext - Root WebApplicationContext: initialization completed in 1651 ms
2025-07-16 11:46:02 INFO  [restartedMain] s.l.domain.config.PlatformDbConfig - =========== Platform DataSource: HikariDataSource (null) ==========
2025-07-16 11:46:03 INFO  [restartedMain] o.h.jpa.internal.util.LogHelper - HHH000204: Processing PersistenceUnitInfo [name: platform]
2025-07-16 11:46:03 INFO  [restartedMain] org.hibernate.Version - HHH000412: Hibernate ORM core version 6.6.13.Final
2025-07-16 11:46:03 INFO  [restartedMain] o.h.c.i.RegionFactoryInitiator - HHH000026: Second-level cache disabled
2025-07-16 11:46:03 INFO  [restartedMain] o.s.o.j.p.SpringPersistenceUnitInfo - No LoadTimeWeaver setup: ignoring JPA class transformer
2025-07-16 11:46:03 INFO  [restartedMain] com.zaxxer.hikari.HikariDataSource - HikariPool-1 - Starting...
2025-07-16 11:46:03 INFO  [restartedMain] com.zaxxer.hikari.pool.HikariPool - HikariPool-1 - Added connection org.postgresql.jdbc.PgConnection@4f547ed5
2025-07-16 11:46:03 INFO  [restartedMain] com.zaxxer.hikari.HikariDataSource - HikariPool-1 - Start completed.
2025-07-16 11:46:03 INFO  [restartedMain] o.hibernate.orm.connections.pooling - HHH10001005: Database info:
	Database JDBC URL [Connecting through datasource 'HikariDataSource (HikariPool-1)']
	Database driver: undefined/unknown
	Database version: 15.10
	Autocommit mode: undefined/unknown
	Isolation level: undefined/unknown
	Minimum pool size: undefined/unknown
	Maximum pool size: undefined/unknown
2025-07-16 11:46:04 INFO  [restartedMain] o.h.e.t.j.p.i.JtaPlatformInitiator - HHH000489: No JTA platform available (set 'hibernate.transaction.jta.platform' to enable JTA platform integration)
2025-07-16 11:46:04 INFO  [restartedMain] o.s.o.j.LocalContainerEntityManagerFactoryBean - Initialized JPA EntityManagerFactory for persistence unit 'platform'
2025-07-16 11:46:04 INFO  [restartedMain] o.s.d.j.r.query.QueryEnhancerFactory - Hibernate is in classpath; If applicable, HQL parser will be used.
2025-07-16 11:46:05 INFO  [restartedMain] s.l.domain.config.ProcessDbConfig - =========== Process DataSource: HikariDataSource (null) ==========
2025-07-16 11:46:05 INFO  [restartedMain] o.f.s.SpringProcessEngineConfiguration - Found 2 Engine Configurators in total:
2025-07-16 11:46:05 INFO  [restartedMain] o.f.s.SpringProcessEngineConfiguration - class org.flowable.eventregistry.spring.configurator.SpringEventRegistryConfigurator (priority:100000)
2025-07-16 11:46:05 INFO  [restartedMain] o.f.s.SpringProcessEngineConfiguration - class org.flowable.idm.engine.configurator.IdmEngineConfigurator (priority:150000)
2025-07-16 11:46:05 INFO  [restartedMain] o.f.s.SpringProcessEngineConfiguration - Executing beforeInit() of class org.flowable.eventregistry.spring.configurator.SpringEventRegistryConfigurator (priority:100000)
2025-07-16 11:46:05 INFO  [restartedMain] o.f.s.SpringProcessEngineConfiguration - Executing beforeInit() of class org.flowable.idm.engine.configurator.IdmEngineConfigurator (priority:150000)
2025-07-16 11:46:05 INFO  [restartedMain] com.zaxxer.hikari.HikariDataSource - HikariPool-2 - Starting...
2025-07-16 11:46:05 INFO  [restartedMain] com.zaxxer.hikari.pool.HikariPool - HikariPool-2 - Added connection org.postgresql.jdbc.PgConnection@112c0a9
2025-07-16 11:46:05 INFO  [restartedMain] com.zaxxer.hikari.HikariDataSource - HikariPool-2 - Start completed.
2025-07-16 11:46:06 INFO  [restartedMain] o.f.c.e.i.a.DefaultAsyncTaskExecutor - Creating thread pool queue of size 100
2025-07-16 11:46:06 INFO  [restartedMain] o.f.c.e.i.a.DefaultAsyncTaskExecutor - Creating thread factory with naming pattern flowable-async-task-invoker-thread-%d
2025-07-16 11:46:06 INFO  [restartedMain] o.f.c.e.i.a.DefaultAsyncTaskExecutor - Creating executor service with corePoolSize 8, maxPoolSize 8 and keepAliveTime 5000
2025-07-16 11:46:06 INFO  [restartedMain] o.f.c.e.i.a.DefaultAsyncTaskExecutor - Using rejectedExecutionHandler java.util.concurrent.ThreadPoolExecutor$CallerRunsPolicy@3f4b536a
2025-07-16 11:46:06 INFO  [restartedMain] o.f.c.e.i.a.DefaultAsyncTaskExecutor - Creating thread pool queue of size 2048
2025-07-16 11:46:06 INFO  [restartedMain] o.f.c.e.i.a.DefaultAsyncTaskExecutor - Creating thread factory with naming pattern flowable-async-job-executor-thread-%d
2025-07-16 11:46:06 INFO  [restartedMain] o.f.c.e.i.a.DefaultAsyncTaskExecutor - Creating executor service with corePoolSize 8, maxPoolSize 8 and keepAliveTime 5000
2025-07-16 11:46:06 INFO  [restartedMain] o.f.s.SpringProcessEngineConfiguration - Executing configure() of class org.flowable.eventregistry.spring.configurator.SpringEventRegistryConfigurator (priority:100000)
2025-07-16 11:46:06 INFO  [restartedMain] liquibase.database - Set default schema name to public
2025-07-16 11:46:06 INFO  [restartedMain] liquibase.changelog - Reading from public.flw_ev_databasechangelog
2025-07-16 11:46:06 INFO  [restartedMain] liquibase.command - Command execution complete
2025-07-16 11:46:06 INFO  [restartedMain] o.f.e.impl.EventRegistryEngineImpl - EventRegistryEngine default created
2025-07-16 11:46:06 INFO  [restartedMain] o.f.s.SpringProcessEngineConfiguration - Executing configure() of class org.flowable.idm.engine.configurator.IdmEngineConfigurator (priority:150000)
2025-07-16 11:46:06 INFO  [restartedMain] o.f.idm.engine.impl.IdmEngineImpl - IdmEngine default created
2025-07-16 11:46:06 INFO  [restartedMain] o.f.engine.impl.ProcessEngineImpl - ProcessEngine default created
2025-07-16 11:46:06 INFO  [restartedMain] o.f.e.impl.cmd.ValidateV5EntitiesCmd - Total of v5 deployments found: 0
2025-07-16 11:46:07 WARN  [restartedMain] o.s.b.w.s.c.AnnotationConfigServletWebServerApplicationContext - Exception encountered during context initialization - cancelling refresh attempt: org.springframework.beans.factory.UnsatisfiedDependencyException: Error creating bean with name 'demoOnboardingController' defined in file [/home/kitaro/dev-area/a2z-smart-lending-platform/backend/smart-lending-be/modules/smart-lending-api/smart-lending-rest/target/classes/smart/lending/rest/controller/DemoOnboardingController.class]: Unsatisfied dependency expressed through constructor parameter 1: Error creating bean with name 'onboardLendingAppService' defined in file [/home/kitaro/dev-area/a2z-smart-lending-platform/backend/smart-lending-be/modules/core/smart-lending-domain/target/classes/smart/lending/domain/service/OnboardLendingAppService.class]: Unsatisfied dependency expressed through constructor parameter 0: Error creating bean with name 'onboardLendingAppRepository' defined in smart.lending.infrastructure.repository.OnboardLendingAppRepository defined in @EnableJpaRepositories declared on PlatformDbConfig: Not a managed type: class smart.lending.infrastructure.entity.OnboardLendingApp
2025-07-16 11:46:07 INFO  [restartedMain] com.zaxxer.hikari.HikariDataSource - HikariPool-2 - Shutdown initiated...
2025-07-16 11:46:07 INFO  [restartedMain] com.zaxxer.hikari.HikariDataSource - HikariPool-2 - Shutdown completed.
2025-07-16 11:46:07 INFO  [restartedMain] o.s.o.j.LocalContainerEntityManagerFactoryBean - Closing JPA EntityManagerFactory for persistence unit 'platform'
2025-07-16 11:46:07 INFO  [restartedMain] com.zaxxer.hikari.HikariDataSource - HikariPool-1 - Shutdown initiated...
2025-07-16 11:46:07 INFO  [restartedMain] com.zaxxer.hikari.HikariDataSource - HikariPool-1 - Shutdown completed.
2025-07-16 11:46:07 INFO  [restartedMain] o.a.catalina.core.StandardService - Stopping service [Tomcat]
2025-07-16 11:46:07 INFO  [restartedMain] o.s.b.a.l.ConditionEvaluationReportLogger - 

Error starting ApplicationContext. To display the condition evaluation report re-run your application with 'debug' enabled.
2025-07-16 11:46:07 ERROR [restartedMain] o.s.boot.SpringApplication - Application run failed
org.springframework.beans.factory.UnsatisfiedDependencyException: Error creating bean with name 'demoOnboardingController' defined in file [/home/kitaro/dev-area/a2z-smart-lending-platform/backend/smart-lending-be/modules/smart-lending-api/smart-lending-rest/target/classes/smart/lending/rest/controller/DemoOnboardingController.class]: Unsatisfied dependency expressed through constructor parameter 1: Error creating bean with name 'onboardLendingAppService' defined in file [/home/kitaro/dev-area/a2z-smart-lending-platform/backend/smart-lending-be/modules/core/smart-lending-domain/target/classes/smart/lending/domain/service/OnboardLendingAppService.class]: Unsatisfied dependency expressed through constructor parameter 0: Error creating bean with name 'onboardLendingAppRepository' defined in smart.lending.infrastructure.repository.OnboardLendingAppRepository defined in @EnableJpaRepositories declared on PlatformDbConfig: Not a managed type: class smart.lending.infrastructure.entity.OnboardLendingApp
	at org.springframework.beans.factory.support.ConstructorResolver.createArgumentArray(ConstructorResolver.java:804)
	at org.springframework.beans.factory.support.ConstructorResolver.autowireConstructor(ConstructorResolver.java:240)
	at org.springframework.beans.factory.support.AbstractAutowireCapableBeanFactory.autowireConstructor(AbstractAutowireCapableBeanFactory.java:1387)
	at org.springframework.beans.factory.support.AbstractAutowireCapableBeanFactory.createBeanInstance(AbstractAutowireCapableBeanFactory.java:1224)
	at org.springframework.beans.factory.support.AbstractAutowireCapableBeanFactory.doCreateBean(AbstractAutowireCapableBeanFactory.java:569)
	at org.springframework.beans.factory.support.AbstractAutowireCapableBeanFactory.createBean(AbstractAutowireCapableBeanFactory.java:529)
	at org.springframework.beans.factory.support.AbstractBeanFactory.lambda$doGetBean$0(AbstractBeanFactory.java:339)
	at org.springframework.beans.factory.support.DefaultSingletonBeanRegistry.getSingleton(DefaultSingletonBeanRegistry.java:371)
	at org.springframework.beans.factory.support.AbstractBeanFactory.doGetBean(AbstractBeanFactory.java:337)
	at org.springframework.beans.factory.support.AbstractBeanFactory.getBean(AbstractBeanFactory.java:202)
	at org.springframework.beans.factory.support.DefaultListableBeanFactory.instantiateSingleton(DefaultListableBeanFactory.java:1221)
	at org.springframework.beans.factory.support.DefaultListableBeanFactory.preInstantiateSingleton(DefaultListableBeanFactory.java:1187)
	at org.springframework.beans.factory.support.DefaultListableBeanFactory.preInstantiateSingletons(DefaultListableBeanFactory.java:1122)
	at org.springframework.context.support.AbstractApplicationContext.finishBeanFactoryInitialization(AbstractApplicationContext.java:987)
	at org.springframework.context.support.AbstractApplicationContext.refresh(AbstractApplicationContext.java:627)
	at org.springframework.boot.web.servlet.context.ServletWebServerApplicationContext.refresh(ServletWebServerApplicationContext.java:146)
	at org.springframework.boot.SpringApplication.refresh(SpringApplication.java:753)
	at org.springframework.boot.SpringApplication.refreshContext(SpringApplication.java:439)
	at org.springframework.boot.SpringApplication.run(SpringApplication.java:318)
	at org.springframework.boot.SpringApplication.run(SpringApplication.java:1362)
	at org.springframework.boot.SpringApplication.run(SpringApplication.java:1351)
	at smart.lending.rest.app.SmartLendingRestApp.main(SmartLendingRestApp.java:14)
	at java.base/jdk.internal.reflect.DirectMethodHandleAccessor.invoke(DirectMethodHandleAccessor.java:103)
	at java.base/java.lang.reflect.Method.invoke(Method.java:580)
	at org.springframework.boot.devtools.restart.RestartLauncher.run(RestartLauncher.java:50)
Caused by: org.springframework.beans.factory.UnsatisfiedDependencyException: Error creating bean with name 'onboardLendingAppService' defined in file [/home/kitaro/dev-area/a2z-smart-lending-platform/backend/smart-lending-be/modules/core/smart-lending-domain/target/classes/smart/lending/domain/service/OnboardLendingAppService.class]: Unsatisfied dependency expressed through constructor parameter 0: Error creating bean with name 'onboardLendingAppRepository' defined in smart.lending.infrastructure.repository.OnboardLendingAppRepository defined in @EnableJpaRepositories declared on PlatformDbConfig: Not a managed type: class smart.lending.infrastructure.entity.OnboardLendingApp
	at org.springframework.beans.factory.support.ConstructorResolver.createArgumentArray(ConstructorResolver.java:804)
	at org.springframework.beans.factory.support.ConstructorResolver.autowireConstructor(ConstructorResolver.java:240)
	at org.springframework.beans.factory.support.AbstractAutowireCapableBeanFactory.autowireConstructor(AbstractAutowireCapableBeanFactory.java:1387)
	at org.springframework.beans.factory.support.AbstractAutowireCapableBeanFactory.createBeanInstance(AbstractAutowireCapableBeanFactory.java:1224)
	at org.springframework.beans.factory.support.AbstractAutowireCapableBeanFactory.doCreateBean(AbstractAutowireCapableBeanFactory.java:569)
	at org.springframework.beans.factory.support.AbstractAutowireCapableBeanFactory.createBean(AbstractAutowireCapableBeanFactory.java:529)
	at org.springframework.beans.factory.support.AbstractBeanFactory.lambda$doGetBean$0(AbstractBeanFactory.java:339)
	at org.springframework.beans.factory.support.DefaultSingletonBeanRegistry.getSingleton(DefaultSingletonBeanRegistry.java:371)
	at org.springframework.beans.factory.support.AbstractBeanFactory.doGetBean(AbstractBeanFactory.java:337)
	at org.springframework.beans.factory.support.AbstractBeanFactory.getBean(AbstractBeanFactory.java:202)
	at org.springframework.beans.factory.support.DefaultListableBeanFactory.doResolveDependency(DefaultListableBeanFactory.java:1681)
	at org.springframework.beans.factory.support.DefaultListableBeanFactory.resolveDependency(DefaultListableBeanFactory.java:1627)
	at org.springframework.beans.factory.support.ConstructorResolver.resolveAutowiredArgument(ConstructorResolver.java:913)
	at org.springframework.beans.factory.support.ConstructorResolver.createArgumentArray(ConstructorResolver.java:791)
	... 24 common frames omitted
Caused by: org.springframework.beans.factory.BeanCreationException: Error creating bean with name 'onboardLendingAppRepository' defined in smart.lending.infrastructure.repository.OnboardLendingAppRepository defined in @EnableJpaRepositories declared on PlatformDbConfig: Not a managed type: class smart.lending.infrastructure.entity.OnboardLendingApp
	at org.springframework.beans.factory.support.AbstractAutowireCapableBeanFactory.initializeBean(AbstractAutowireCapableBeanFactory.java:1818)
	at org.springframework.beans.factory.support.AbstractAutowireCapableBeanFactory.doCreateBean(AbstractAutowireCapableBeanFactory.java:607)
	at org.springframework.beans.factory.support.AbstractAutowireCapableBeanFactory.createBean(AbstractAutowireCapableBeanFactory.java:529)
	at org.springframework.beans.factory.support.AbstractBeanFactory.lambda$doGetBean$0(AbstractBeanFactory.java:339)
	at org.springframework.beans.factory.support.DefaultSingletonBeanRegistry.getSingleton(DefaultSingletonBeanRegistry.java:371)
	at org.springframework.beans.factory.support.AbstractBeanFactory.doGetBean(AbstractBeanFactory.java:337)
	at org.springframework.beans.factory.support.AbstractBeanFactory.getBean(AbstractBeanFactory.java:202)
	at org.springframework.beans.factory.support.DefaultListableBeanFactory.doResolveDependency(DefaultListableBeanFactory.java:1681)
	at org.springframework.beans.factory.support.DefaultListableBeanFactory.resolveDependency(DefaultListableBeanFactory.java:1627)
	at org.springframework.beans.factory.support.ConstructorResolver.resolveAutowiredArgument(ConstructorResolver.java:913)
	at org.springframework.beans.factory.support.ConstructorResolver.createArgumentArray(ConstructorResolver.java:791)
	... 37 common frames omitted
Caused by: java.lang.IllegalArgumentException: Not a managed type: class smart.lending.infrastructure.entity.OnboardLendingApp
	at org.hibernate.metamodel.model.domain.internal.JpaMetamodelImpl.managedType(JpaMetamodelImpl.java:223)
	at org.hibernate.metamodel.model.domain.internal.MappingMetamodelImpl.managedType(MappingMetamodelImpl.java:470)
	at org.hibernate.metamodel.model.domain.internal.MappingMetamodelImpl.managedType(MappingMetamodelImpl.java:100)
	at org.springframework.data.jpa.repository.support.JpaMetamodelEntityInformation.<init>(JpaMetamodelEntityInformation.java:82)
	at org.springframework.data.jpa.repository.support.JpaEntityInformationSupport.getEntityInformation(JpaEntityInformationSupport.java:69)
	at org.springframework.data.jpa.repository.support.JpaRepositoryFactory.getEntityInformation(JpaRepositoryFactory.java:251)
	at org.springframework.data.jpa.repository.support.JpaRepositoryFactory.getTargetRepository(JpaRepositoryFactory.java:215)
	at org.springframework.data.jpa.repository.support.JpaRepositoryFactory.getTargetRepository(JpaRepositoryFactory.java:198)
	at org.springframework.data.jpa.repository.support.JpaRepositoryFactory.getTargetRepository(JpaRepositoryFactory.java:1)
	at org.springframework.data.repository.core.support.RepositoryFactorySupport.getRepository(RepositoryFactorySupport.java:377)
	at org.springframework.data.repository.core.support.RepositoryFactoryBeanSupport.lambda$afterPropertiesSet$4(RepositoryFactoryBeanSupport.java:350)
	at org.springframework.data.util.Lazy.getNullable(Lazy.java:135)
	at org.springframework.data.util.Lazy.get(Lazy.java:113)
	at org.springframework.data.repository.core.support.RepositoryFactoryBeanSupport.afterPropertiesSet(RepositoryFactoryBeanSupport.java:356)
	at org.springframework.data.jpa.repository.support.JpaRepositoryFactoryBean.afterPropertiesSet(JpaRepositoryFactoryBean.java:132)
	at org.springframework.beans.factory.support.AbstractAutowireCapableBeanFactory.invokeInitMethods(AbstractAutowireCapableBeanFactory.java:1865)
	at org.springframework.beans.factory.support.AbstractAutowireCapableBeanFactory.initializeBean(AbstractAutowireCapableBeanFactory.java:1814)
	... 47 common frames omitted
2025-07-16 11:51:33 INFO  [restartedMain] s.l.rest.app.SmartLendingRestApp - Starting SmartLendingRestApp using Java 21.0.6 with PID 73976 (/home/kitaro/dev-area/a2z-smart-lending-platform/backend/smart-lending-be/modules/smart-lending-api/smart-lending-rest-app/target/classes started by kitaro in /home/kitaro/dev-area/a2z-smart-lending-platform)
2025-07-16 11:51:33 INFO  [restartedMain] s.l.rest.app.SmartLendingRestApp - The following 1 profile is active: "uat"
2025-07-16 11:51:33 INFO  [restartedMain] o.s.b.d.e.DevToolsPropertyDefaultsPostProcessor - Devtools property defaults active! Set 'spring.devtools.add-properties' to 'false' to disable
2025-07-16 11:51:33 INFO  [restartedMain] o.s.b.d.e.DevToolsPropertyDefaultsPostProcessor - For additional web related logging consider setting the 'logging.level.web' property to 'DEBUG'
2025-07-16 11:51:34 INFO  [restartedMain] o.s.d.r.c.RepositoryConfigurationDelegate - Bootstrapping Spring Data JPA repositories in DEFAULT mode.
2025-07-16 11:51:34 INFO  [restartedMain] o.s.d.r.c.RepositoryConfigurationDelegate - Finished Spring Data repository scanning in 43 ms. Found 3 JPA repository interfaces.
2025-07-16 11:51:35 INFO  [restartedMain] o.s.b.w.e.tomcat.TomcatWebServer - Tomcat initialized with port 6201 (http)
2025-07-16 11:51:35 INFO  [restartedMain] o.a.catalina.core.StandardService - Starting service [Tomcat]
2025-07-16 11:51:35 INFO  [restartedMain] o.a.catalina.core.StandardEngine - Starting Servlet engine: [Apache Tomcat/10.1.40]
2025-07-16 11:51:35 INFO  [restartedMain] o.a.c.c.C.[Tomcat].[localhost].[/] - Initializing Spring embedded WebApplicationContext
2025-07-16 11:51:35 INFO  [restartedMain] o.s.b.w.s.c.ServletWebServerApplicationContext - Root WebApplicationContext: initialization completed in 1803 ms
2025-07-16 11:51:35 INFO  [restartedMain] s.l.domain.config.PlatformDbConfig - =========== Platform DataSource: HikariDataSource (null) ==========
2025-07-16 11:51:35 INFO  [restartedMain] o.h.jpa.internal.util.LogHelper - HHH000204: Processing PersistenceUnitInfo [name: platform]
2025-07-16 11:51:35 INFO  [restartedMain] org.hibernate.Version - HHH000412: Hibernate ORM core version 6.6.13.Final
2025-07-16 11:51:35 INFO  [restartedMain] o.h.c.i.RegionFactoryInitiator - HHH000026: Second-level cache disabled
2025-07-16 11:51:36 INFO  [restartedMain] o.s.o.j.p.SpringPersistenceUnitInfo - No LoadTimeWeaver setup: ignoring JPA class transformer
2025-07-16 11:51:36 INFO  [restartedMain] com.zaxxer.hikari.HikariDataSource - HikariPool-1 - Starting...
2025-07-16 11:51:36 INFO  [restartedMain] com.zaxxer.hikari.pool.HikariPool - HikariPool-1 - Added connection org.postgresql.jdbc.PgConnection@2935192e
2025-07-16 11:51:36 INFO  [restartedMain] com.zaxxer.hikari.HikariDataSource - HikariPool-1 - Start completed.
2025-07-16 11:51:36 INFO  [restartedMain] o.hibernate.orm.connections.pooling - HHH10001005: Database info:
	Database JDBC URL [Connecting through datasource 'HikariDataSource (HikariPool-1)']
	Database driver: undefined/unknown
	Database version: 15.10
	Autocommit mode: undefined/unknown
	Isolation level: undefined/unknown
	Minimum pool size: undefined/unknown
	Maximum pool size: undefined/unknown
2025-07-16 11:51:37 INFO  [restartedMain] o.h.e.t.j.p.i.JtaPlatformInitiator - HHH000489: No JTA platform available (set 'hibernate.transaction.jta.platform' to enable JTA platform integration)
2025-07-16 11:51:37 INFO  [restartedMain] o.s.o.j.LocalContainerEntityManagerFactoryBean - Initialized JPA EntityManagerFactory for persistence unit 'platform'
2025-07-16 11:51:37 INFO  [restartedMain] o.s.d.j.r.query.QueryEnhancerFactory - Hibernate is in classpath; If applicable, HQL parser will be used.
2025-07-16 11:51:37 INFO  [restartedMain] s.l.domain.config.ProcessDbConfig - =========== Process DataSource: HikariDataSource (null) ==========
2025-07-16 11:51:37 INFO  [restartedMain] o.f.s.SpringProcessEngineConfiguration - Found 2 Engine Configurators in total:
2025-07-16 11:51:37 INFO  [restartedMain] o.f.s.SpringProcessEngineConfiguration - class org.flowable.eventregistry.spring.configurator.SpringEventRegistryConfigurator (priority:100000)
2025-07-16 11:51:37 INFO  [restartedMain] o.f.s.SpringProcessEngineConfiguration - class org.flowable.idm.engine.configurator.IdmEngineConfigurator (priority:150000)
2025-07-16 11:51:37 INFO  [restartedMain] o.f.s.SpringProcessEngineConfiguration - Executing beforeInit() of class org.flowable.eventregistry.spring.configurator.SpringEventRegistryConfigurator (priority:100000)
2025-07-16 11:51:37 INFO  [restartedMain] o.f.s.SpringProcessEngineConfiguration - Executing beforeInit() of class org.flowable.idm.engine.configurator.IdmEngineConfigurator (priority:150000)
2025-07-16 11:51:37 INFO  [restartedMain] com.zaxxer.hikari.HikariDataSource - HikariPool-2 - Starting...
2025-07-16 11:51:37 INFO  [restartedMain] com.zaxxer.hikari.pool.HikariPool - HikariPool-2 - Added connection org.postgresql.jdbc.PgConnection@1b02fbf3
2025-07-16 11:51:37 INFO  [restartedMain] com.zaxxer.hikari.HikariDataSource - HikariPool-2 - Start completed.
2025-07-16 11:51:38 INFO  [restartedMain] o.f.c.e.i.a.DefaultAsyncTaskExecutor - Creating thread pool queue of size 100
2025-07-16 11:51:38 INFO  [restartedMain] o.f.c.e.i.a.DefaultAsyncTaskExecutor - Creating thread factory with naming pattern flowable-async-task-invoker-thread-%d
2025-07-16 11:51:38 INFO  [restartedMain] o.f.c.e.i.a.DefaultAsyncTaskExecutor - Creating executor service with corePoolSize 8, maxPoolSize 8 and keepAliveTime 5000
2025-07-16 11:51:38 INFO  [restartedMain] o.f.c.e.i.a.DefaultAsyncTaskExecutor - Using rejectedExecutionHandler java.util.concurrent.ThreadPoolExecutor$CallerRunsPolicy@343aaafd
2025-07-16 11:51:38 INFO  [restartedMain] o.f.c.e.i.a.DefaultAsyncTaskExecutor - Creating thread pool queue of size 2048
2025-07-16 11:51:38 INFO  [restartedMain] o.f.c.e.i.a.DefaultAsyncTaskExecutor - Creating thread factory with naming pattern flowable-async-job-executor-thread-%d
2025-07-16 11:51:38 INFO  [restartedMain] o.f.c.e.i.a.DefaultAsyncTaskExecutor - Creating executor service with corePoolSize 8, maxPoolSize 8 and keepAliveTime 5000
2025-07-16 11:51:38 INFO  [restartedMain] o.f.s.SpringProcessEngineConfiguration - Executing configure() of class org.flowable.eventregistry.spring.configurator.SpringEventRegistryConfigurator (priority:100000)
2025-07-16 11:51:38 INFO  [restartedMain] liquibase.database - Set default schema name to public
2025-07-16 11:51:38 INFO  [restartedMain] liquibase.changelog - Reading from public.flw_ev_databasechangelog
2025-07-16 11:51:38 INFO  [restartedMain] liquibase.command - Command execution complete
2025-07-16 11:51:38 INFO  [restartedMain] o.f.e.impl.EventRegistryEngineImpl - EventRegistryEngine default created
2025-07-16 11:51:38 INFO  [restartedMain] o.f.s.SpringProcessEngineConfiguration - Executing configure() of class org.flowable.idm.engine.configurator.IdmEngineConfigurator (priority:150000)
2025-07-16 11:51:38 INFO  [restartedMain] o.f.idm.engine.impl.IdmEngineImpl - IdmEngine default created
2025-07-16 11:51:38 INFO  [restartedMain] o.f.engine.impl.ProcessEngineImpl - ProcessEngine default created
2025-07-16 11:51:38 INFO  [restartedMain] o.f.e.impl.cmd.ValidateV5EntitiesCmd - Total of v5 deployments found: 0
2025-07-16 11:51:39 WARN  [restartedMain] o.s.b.a.s.s.UserDetailsServiceAutoConfiguration - 

Using generated security password: 8d004108-a647-4966-bce3-02deff2a5251

This generated password is for development use only. Your security configuration must be updated before running your application in production.

2025-07-16 11:51:39 INFO  [restartedMain] o.s.s.c.a.a.c.InitializeUserDetailsBeanManagerConfigurer$InitializeUserDetailsManagerConfigurer - Global AuthenticationManager configured with UserDetailsService bean with name inMemoryUserDetailsManager
2025-07-16 11:51:39 DEBUG [restartedMain] o.s.w.s.m.m.a.RequestMappingHandlerMapping - 12 mappings in 'requestMappingHandlerMapping'
2025-07-16 11:51:39 DEBUG [restartedMain] o.s.w.s.h.SimpleUrlHandlerMapping - Patterns [/webjars/**, /**, /swagger-ui*/*swagger-initializer.js, /swagger-ui*/**] in 'resourceHandlerMapping'
2025-07-16 11:51:39 INFO  [restartedMain] o.s.v.b.OptionalValidatorFactoryBean - Failed to set up a Bean Validation provider: jakarta.validation.NoProviderFoundException: Unable to create a Configuration, because no Jakarta Bean Validation provider could be found. Add a provider like Hibernate Validator (RI) to your classpath.
2025-07-16 11:51:39 DEBUG [restartedMain] o.s.w.s.m.m.a.RequestMappingHandlerAdapter - ControllerAdvice beans: 0 @ModelAttribute, 0 @InitBinder, 1 RequestBodyAdvice, 1 ResponseBodyAdvice
2025-07-16 11:51:39 DEBUG [restartedMain] o.s.w.s.m.m.a.ExceptionHandlerExceptionResolver - ControllerAdvice beans: 1 @ExceptionHandler, 1 ResponseBodyAdvice
2025-07-16 11:51:40 INFO  [restartedMain] o.s.b.d.a.OptionalLiveReloadServer - LiveReload server is running on port 35729
2025-07-16 11:51:40 INFO  [restartedMain] o.f.j.s.i.a.AbstractAsyncExecutor - Starting up the async job executor [org.flowable.job.service.impl.asyncexecutor.DefaultAsyncJobExecutor] for engine bpmn
2025-07-16 11:51:40 INFO  [Thread-8] o.f.j.s.i.a.AcquireTimerJobsRunnable - starting to acquire async jobs due for engine bpmn
2025-07-16 11:51:40 INFO  [Thread-7] o.f.j.s.i.a.AcquireAsyncJobsDueRunnable - starting to acquire async jobs due for engine bpmn
2025-07-16 11:51:40 INFO  [Thread-9] o.f.j.s.i.a.ResetExpiredJobsRunnable - starting to reset expired jobs for engine bpmn
2025-07-16 11:51:40 INFO  [restartedMain] o.s.b.w.e.tomcat.TomcatWebServer - Tomcat started on port 6201 (http) with context path '/'
2025-07-16 11:51:40 INFO  [restartedMain] s.l.rest.app.SmartLendingRestApp - Started SmartLendingRestApp in 6.839 seconds (process running for 8.656)
2025-07-16 11:51:46 INFO  [SpringApplicationShutdownHook] o.s.b.w.e.tomcat.GracefulShutdown - Commencing graceful shutdown. Waiting for active requests to complete
2025-07-16 11:51:46 INFO  [tomcat-shutdown] o.s.b.w.e.tomcat.GracefulShutdown - Graceful shutdown complete
2025-07-16 11:51:46 INFO  [SpringApplicationShutdownHook] o.f.j.s.i.a.AbstractAsyncExecutor - Shutting down the async job executor [org.flowable.job.service.impl.asyncexecutor.DefaultAsyncJobExecutor] for engine bpmn
2025-07-16 11:51:46 INFO  [flowable-bpmn-acquire-async-jobs] o.f.j.s.i.a.AcquireAsyncJobsDueRunnable - stopped async job due acquisition for engine bpmn
2025-07-16 11:51:46 INFO  [flowable-bpmn-reset-expired-jobs] o.f.j.s.i.a.ResetExpiredJobsRunnable - stopped resetting expired jobs for engine bpmn
2025-07-16 11:51:46 INFO  [flowable-bpmn-acquire-timer-jobs] o.f.j.s.i.a.AcquireTimerJobsRunnable - stopped async job due acquisition for engine bpmn
2025-07-16 11:51:46 INFO  [SpringApplicationShutdownHook] com.zaxxer.hikari.HikariDataSource - HikariPool-2 - Shutdown initiated...
2025-07-16 11:51:46 INFO  [SpringApplicationShutdownHook] com.zaxxer.hikari.HikariDataSource - HikariPool-2 - Shutdown completed.
2025-07-16 11:51:46 INFO  [SpringApplicationShutdownHook] o.s.o.j.LocalContainerEntityManagerFactoryBean - Closing JPA EntityManagerFactory for persistence unit 'platform'
2025-07-16 11:51:46 INFO  [SpringApplicationShutdownHook] com.zaxxer.hikari.HikariDataSource - HikariPool-1 - Shutdown initiated...
2025-07-16 11:51:46 INFO  [SpringApplicationShutdownHook] com.zaxxer.hikari.HikariDataSource - HikariPool-1 - Shutdown completed.
2025-07-16 12:37:46 INFO  [restartedMain] s.l.rest.app.SmartLendingRestApp - Starting SmartLendingRestApp using Java 21.0.6 with PID 43044 (/home/kitaro/dev-area/a2z-smart-lending-platform/backend/smart-lending-be/modules/smart-lending-api/smart-lending-rest-app/target/classes started by kitaro in /home/kitaro/dev-area/a2z-smart-lending-platform)
2025-07-16 12:37:46 INFO  [restartedMain] s.l.rest.app.SmartLendingRestApp - The following 1 profile is active: "uat"
2025-07-16 12:37:46 INFO  [restartedMain] o.s.b.d.e.DevToolsPropertyDefaultsPostProcessor - Devtools property defaults active! Set 'spring.devtools.add-properties' to 'false' to disable
2025-07-16 12:37:46 INFO  [restartedMain] o.s.b.d.e.DevToolsPropertyDefaultsPostProcessor - For additional web related logging consider setting the 'logging.level.web' property to 'DEBUG'
2025-07-16 12:37:47 INFO  [restartedMain] o.s.d.r.c.RepositoryConfigurationDelegate - Bootstrapping Spring Data JPA repositories in DEFAULT mode.
2025-07-16 12:37:47 INFO  [restartedMain] o.s.d.r.c.RepositoryConfigurationDelegate - Finished Spring Data repository scanning in 49 ms. Found 3 JPA repository interfaces.
2025-07-16 12:37:48 INFO  [restartedMain] o.s.b.w.e.tomcat.TomcatWebServer - Tomcat initialized with port 6201 (http)
2025-07-16 12:37:48 INFO  [restartedMain] o.a.catalina.core.StandardService - Starting service [Tomcat]
2025-07-16 12:37:48 INFO  [restartedMain] o.a.catalina.core.StandardEngine - Starting Servlet engine: [Apache Tomcat/10.1.40]
2025-07-16 12:37:48 INFO  [restartedMain] o.a.c.c.C.[Tomcat].[localhost].[/] - Initializing Spring embedded WebApplicationContext
2025-07-16 12:37:48 INFO  [restartedMain] o.s.b.w.s.c.ServletWebServerApplicationContext - Root WebApplicationContext: initialization completed in 2430 ms
2025-07-16 12:37:48 INFO  [restartedMain] s.l.domain.config.PlatformDbConfig - =========== Platform DataSource: HikariDataSource (null) ==========
2025-07-16 12:37:48 INFO  [restartedMain] o.h.jpa.internal.util.LogHelper - HHH000204: Processing PersistenceUnitInfo [name: platform]
2025-07-16 12:37:49 INFO  [restartedMain] org.hibernate.Version - HHH000412: Hibernate ORM core version 6.6.13.Final
2025-07-16 12:37:49 INFO  [restartedMain] o.h.c.i.RegionFactoryInitiator - HHH000026: Second-level cache disabled
2025-07-16 12:37:49 INFO  [restartedMain] o.s.o.j.p.SpringPersistenceUnitInfo - No LoadTimeWeaver setup: ignoring JPA class transformer
2025-07-16 12:37:49 INFO  [restartedMain] com.zaxxer.hikari.HikariDataSource - HikariPool-1 - Starting...
2025-07-16 12:37:49 INFO  [restartedMain] com.zaxxer.hikari.pool.HikariPool - HikariPool-1 - Added connection org.postgresql.jdbc.PgConnection@869c133
2025-07-16 12:37:49 INFO  [restartedMain] com.zaxxer.hikari.HikariDataSource - HikariPool-1 - Start completed.
2025-07-16 12:37:49 INFO  [restartedMain] o.hibernate.orm.connections.pooling - HHH10001005: Database info:
	Database JDBC URL [Connecting through datasource 'HikariDataSource (HikariPool-1)']
	Database driver: undefined/unknown
	Database version: 15.10
	Autocommit mode: undefined/unknown
	Isolation level: undefined/unknown
	Minimum pool size: undefined/unknown
	Maximum pool size: undefined/unknown
2025-07-16 12:37:51 INFO  [restartedMain] o.h.e.t.j.p.i.JtaPlatformInitiator - HHH000489: No JTA platform available (set 'hibernate.transaction.jta.platform' to enable JTA platform integration)
2025-07-16 12:37:51 INFO  [restartedMain] o.s.o.j.LocalContainerEntityManagerFactoryBean - Initialized JPA EntityManagerFactory for persistence unit 'platform'
2025-07-16 12:37:51 INFO  [restartedMain] o.s.d.j.r.query.QueryEnhancerFactory - Hibernate is in classpath; If applicable, HQL parser will be used.
2025-07-16 12:37:52 INFO  [restartedMain] s.l.domain.config.ProcessDbConfig - =========== Process DataSource: HikariDataSource (null) ==========
2025-07-16 12:37:52 INFO  [restartedMain] o.f.s.SpringProcessEngineConfiguration - Found 2 Engine Configurators in total:
2025-07-16 12:37:52 INFO  [restartedMain] o.f.s.SpringProcessEngineConfiguration - class org.flowable.eventregistry.spring.configurator.SpringEventRegistryConfigurator (priority:100000)
2025-07-16 12:37:52 INFO  [restartedMain] o.f.s.SpringProcessEngineConfiguration - class org.flowable.idm.engine.configurator.IdmEngineConfigurator (priority:150000)
2025-07-16 12:37:52 INFO  [restartedMain] o.f.s.SpringProcessEngineConfiguration - Executing beforeInit() of class org.flowable.eventregistry.spring.configurator.SpringEventRegistryConfigurator (priority:100000)
2025-07-16 12:37:52 INFO  [restartedMain] o.f.s.SpringProcessEngineConfiguration - Executing beforeInit() of class org.flowable.idm.engine.configurator.IdmEngineConfigurator (priority:150000)
2025-07-16 12:37:52 INFO  [restartedMain] com.zaxxer.hikari.HikariDataSource - HikariPool-2 - Starting...
2025-07-16 12:37:52 INFO  [restartedMain] com.zaxxer.hikari.pool.HikariPool - HikariPool-2 - Added connection org.postgresql.jdbc.PgConnection@7334d98d
2025-07-16 12:37:52 INFO  [restartedMain] com.zaxxer.hikari.HikariDataSource - HikariPool-2 - Start completed.
2025-07-16 12:37:54 INFO  [restartedMain] o.f.c.e.i.a.DefaultAsyncTaskExecutor - Creating thread pool queue of size 100
2025-07-16 12:37:54 INFO  [restartedMain] o.f.c.e.i.a.DefaultAsyncTaskExecutor - Creating thread factory with naming pattern flowable-async-task-invoker-thread-%d
2025-07-16 12:37:54 INFO  [restartedMain] o.f.c.e.i.a.DefaultAsyncTaskExecutor - Creating executor service with corePoolSize 8, maxPoolSize 8 and keepAliveTime 5000
2025-07-16 12:37:54 INFO  [restartedMain] o.f.c.e.i.a.DefaultAsyncTaskExecutor - Using rejectedExecutionHandler java.util.concurrent.ThreadPoolExecutor$CallerRunsPolicy@3b47054c
2025-07-16 12:37:54 INFO  [restartedMain] o.f.c.e.i.a.DefaultAsyncTaskExecutor - Creating thread pool queue of size 2048
2025-07-16 12:37:54 INFO  [restartedMain] o.f.c.e.i.a.DefaultAsyncTaskExecutor - Creating thread factory with naming pattern flowable-async-job-executor-thread-%d
2025-07-16 12:37:54 INFO  [restartedMain] o.f.c.e.i.a.DefaultAsyncTaskExecutor - Creating executor service with corePoolSize 8, maxPoolSize 8 and keepAliveTime 5000
2025-07-16 12:37:54 INFO  [restartedMain] o.f.s.SpringProcessEngineConfiguration - Executing configure() of class org.flowable.eventregistry.spring.configurator.SpringEventRegistryConfigurator (priority:100000)
2025-07-16 12:37:54 INFO  [restartedMain] liquibase.database - Set default schema name to public
2025-07-16 12:37:54 INFO  [restartedMain] liquibase.changelog - Reading from public.flw_ev_databasechangelog
2025-07-16 12:37:54 INFO  [restartedMain] liquibase.command - Command execution complete
2025-07-16 12:37:54 INFO  [restartedMain] o.f.e.impl.EventRegistryEngineImpl - EventRegistryEngine default created
2025-07-16 12:37:54 INFO  [restartedMain] o.f.s.SpringProcessEngineConfiguration - Executing configure() of class org.flowable.idm.engine.configurator.IdmEngineConfigurator (priority:150000)
2025-07-16 12:37:54 INFO  [restartedMain] o.f.idm.engine.impl.IdmEngineImpl - IdmEngine default created
2025-07-16 12:37:54 INFO  [restartedMain] o.f.engine.impl.ProcessEngineImpl - ProcessEngine default created
2025-07-16 12:37:54 INFO  [restartedMain] o.f.e.impl.cmd.ValidateV5EntitiesCmd - Total of v5 deployments found: 0
2025-07-16 12:37:55 WARN  [restartedMain] o.s.b.a.s.s.UserDetailsServiceAutoConfiguration - 

Using generated security password: 7f51d516-e1b4-4c31-97cc-b181336a90bb

This generated password is for development use only. Your security configuration must be updated before running your application in production.

2025-07-16 12:37:55 INFO  [restartedMain] o.s.s.c.a.a.c.InitializeUserDetailsBeanManagerConfigurer$InitializeUserDetailsManagerConfigurer - Global AuthenticationManager configured with UserDetailsService bean with name inMemoryUserDetailsManager
2025-07-16 12:37:55 DEBUG [restartedMain] o.s.w.s.m.m.a.RequestMappingHandlerMapping - 12 mappings in 'requestMappingHandlerMapping'
2025-07-16 12:37:55 DEBUG [restartedMain] o.s.w.s.h.SimpleUrlHandlerMapping - Patterns [/webjars/**, /**, /swagger-ui*/*swagger-initializer.js, /swagger-ui*/**] in 'resourceHandlerMapping'
2025-07-16 12:37:56 INFO  [restartedMain] o.s.v.b.OptionalValidatorFactoryBean - Failed to set up a Bean Validation provider: jakarta.validation.NoProviderFoundException: Unable to create a Configuration, because no Jakarta Bean Validation provider could be found. Add a provider like Hibernate Validator (RI) to your classpath.
2025-07-16 12:37:56 DEBUG [restartedMain] o.s.w.s.m.m.a.RequestMappingHandlerAdapter - ControllerAdvice beans: 0 @ModelAttribute, 0 @InitBinder, 1 RequestBodyAdvice, 1 ResponseBodyAdvice
2025-07-16 12:37:56 DEBUG [restartedMain] o.s.w.s.m.m.a.ExceptionHandlerExceptionResolver - ControllerAdvice beans: 1 @ExceptionHandler, 1 ResponseBodyAdvice
2025-07-16 12:37:56 INFO  [restartedMain] o.s.b.d.a.OptionalLiveReloadServer - LiveReload server is running on port 35729
2025-07-16 12:37:56 INFO  [restartedMain] o.f.j.s.i.a.AbstractAsyncExecutor - Starting up the async job executor [org.flowable.job.service.impl.asyncexecutor.DefaultAsyncJobExecutor] for engine bpmn
2025-07-16 12:37:56 INFO  [Thread-9] o.f.j.s.i.a.ResetExpiredJobsRunnable - starting to reset expired jobs for engine bpmn
2025-07-16 12:37:56 INFO  [Thread-7] o.f.j.s.i.a.AcquireAsyncJobsDueRunnable - starting to acquire async jobs due for engine bpmn
2025-07-16 12:37:56 INFO  [Thread-8] o.f.j.s.i.a.AcquireTimerJobsRunnable - starting to acquire async jobs due for engine bpmn
2025-07-16 12:37:56 INFO  [restartedMain] o.s.b.w.e.tomcat.TomcatWebServer - Tomcat started on port 6201 (http) with context path '/'
2025-07-16 12:37:56 INFO  [restartedMain] s.l.rest.app.SmartLendingRestApp - Started SmartLendingRestApp in 10.971 seconds (process running for 12.048)
2025-07-16 12:38:50 INFO  [http-nio-6201-exec-2] o.a.c.c.C.[Tomcat].[localhost].[/] - Initializing Spring DispatcherServlet 'dispatcherServlet'
2025-07-16 12:38:50 INFO  [http-nio-6201-exec-2] o.s.web.servlet.DispatcherServlet - Initializing Servlet 'dispatcherServlet'
2025-07-16 12:38:50 DEBUG [http-nio-6201-exec-2] o.s.web.servlet.DispatcherServlet - Detected StandardServletMultipartResolver
2025-07-16 12:38:50 DEBUG [http-nio-6201-exec-2] o.s.web.servlet.DispatcherServlet - Detected AcceptHeaderLocaleResolver
2025-07-16 12:38:50 DEBUG [http-nio-6201-exec-2] o.s.web.servlet.DispatcherServlet - Detected FixedThemeResolver
2025-07-16 12:38:50 DEBUG [http-nio-6201-exec-2] o.s.web.servlet.DispatcherServlet - Detected org.springframework.web.servlet.view.DefaultRequestToViewNameTranslator@3c245603
2025-07-16 12:38:50 DEBUG [http-nio-6201-exec-2] o.s.web.servlet.DispatcherServlet - Detected org.springframework.web.servlet.support.SessionFlashMapManager@3d9a3211
2025-07-16 12:38:50 DEBUG [http-nio-6201-exec-2] o.s.web.servlet.DispatcherServlet - enableLoggingRequestDetails='false': request parameters and headers will be masked to prevent unsafe logging of potentially sensitive data
2025-07-16 12:38:50 INFO  [http-nio-6201-exec-2] o.s.web.servlet.DispatcherServlet - Completed initialization in 3 ms
2025-07-16 12:38:50 DEBUG [http-nio-6201-exec-2] o.s.web.servlet.DispatcherServlet - POST "/api/auth/login", parameters={}
2025-07-16 12:38:50 DEBUG [http-nio-6201-exec-2] o.s.w.s.m.m.a.RequestMappingHandlerMapping - Mapped to smart.lending.rest.controller.AuthController#login(RequestWrapper)
2025-07-16 12:38:50 DEBUG [http-nio-6201-exec-2] o.s.w.s.m.m.a.RequestResponseBodyMethodProcessor - Read "application/json;charset=UTF-8" to [smart.lending.rest.payload.RequestWrapper@47cded40]
2025-07-16 12:38:50 DEBUG [http-nio-6201-exec-2] o.s.web.servlet.DispatcherServlet - Failed to complete request: java.lang.RuntimeException: Invalid password
2025-07-16 12:38:50 ERROR [http-nio-6201-exec-2] o.a.c.c.C.[.[.[.[dispatcherServlet] - Servlet.service() for servlet [dispatcherServlet] in context with path [] threw exception [Request processing failed: java.lang.RuntimeException: Invalid password] with root cause
java.lang.RuntimeException: Invalid password
	at smart.lending.domain.service.AuthService.login(AuthService.java:28)
	at smart.lending.rest.controller.AuthController.login(AuthController.java:28)
	at java.base/jdk.internal.reflect.DirectMethodHandleAccessor.invoke(DirectMethodHandleAccessor.java:103)
	at java.base/java.lang.reflect.Method.invoke(Method.java:580)
	at org.springframework.web.method.support.InvocableHandlerMethod.doInvoke(InvocableHandlerMethod.java:258)
	at org.springframework.web.method.support.InvocableHandlerMethod.invokeForRequest(InvocableHandlerMethod.java:191)
	at org.springframework.web.servlet.mvc.method.annotation.ServletInvocableHandlerMethod.invokeAndHandle(ServletInvocableHandlerMethod.java:118)
	at org.springframework.web.servlet.mvc.method.annotation.RequestMappingHandlerAdapter.invokeHandlerMethod(RequestMappingHandlerAdapter.java:986)
	at org.springframework.web.servlet.mvc.method.annotation.RequestMappingHandlerAdapter.handleInternal(RequestMappingHandlerAdapter.java:891)
	at org.springframework.web.servlet.mvc.method.AbstractHandlerMethodAdapter.handle(AbstractHandlerMethodAdapter.java:87)
	at org.springframework.web.servlet.DispatcherServlet.doDispatch(DispatcherServlet.java:1089)
	at org.springframework.web.servlet.DispatcherServlet.doService(DispatcherServlet.java:979)
	at org.springframework.web.servlet.FrameworkServlet.processRequest(FrameworkServlet.java:1014)
	at org.springframework.web.servlet.FrameworkServlet.doPost(FrameworkServlet.java:914)
	at jakarta.servlet.http.HttpServlet.service(HttpServlet.java:590)
	at org.springframework.web.servlet.FrameworkServlet.service(FrameworkServlet.java:885)
	at jakarta.servlet.http.HttpServlet.service(HttpServlet.java:658)
	at org.apache.catalina.core.ApplicationFilterChain.internalDoFilter(ApplicationFilterChain.java:195)
	at org.apache.catalina.core.ApplicationFilterChain.doFilter(ApplicationFilterChain.java:140)
	at org.apache.tomcat.websocket.server.WsFilter.doFilter(WsFilter.java:51)
	at org.apache.catalina.core.ApplicationFilterChain.internalDoFilter(ApplicationFilterChain.java:164)
	at org.apache.catalina.core.ApplicationFilterChain.doFilter(ApplicationFilterChain.java:140)
	at org.springframework.web.filter.OncePerRequestFilter.doFilter(OncePerRequestFilter.java:110)
	at org.apache.catalina.core.ApplicationFilterChain.internalDoFilter(ApplicationFilterChain.java:164)
	at org.apache.catalina.core.ApplicationFilterChain.doFilter(ApplicationFilterChain.java:140)
	at org.springframework.web.filter.CompositeFilter$VirtualFilterChain.doFilter(CompositeFilter.java:108)
	at org.springframework.security.web.FilterChainProxy.lambda$doFilterInternal$3(FilterChainProxy.java:231)
	at org.springframework.security.web.FilterChainProxy$VirtualFilterChain.doFilter(FilterChainProxy.java:365)
	at org.springframework.security.web.access.intercept.AuthorizationFilter.doFilter(AuthorizationFilter.java:101)
	at org.springframework.security.web.FilterChainProxy$VirtualFilterChain.doFilter(FilterChainProxy.java:374)
	at org.springframework.security.web.access.ExceptionTranslationFilter.doFilter(ExceptionTranslationFilter.java:126)
	at org.springframework.security.web.access.ExceptionTranslationFilter.doFilter(ExceptionTranslationFilter.java:120)
	at org.springframework.security.web.FilterChainProxy$VirtualFilterChain.doFilter(FilterChainProxy.java:374)
	at org.springframework.security.web.authentication.AnonymousAuthenticationFilter.doFilter(AnonymousAuthenticationFilter.java:100)
	at org.springframework.security.web.FilterChainProxy$VirtualFilterChain.doFilter(FilterChainProxy.java:374)
	at org.springframework.security.web.servletapi.SecurityContextHolderAwareRequestFilter.doFilter(SecurityContextHolderAwareRequestFilter.java:179)
	at org.springframework.security.web.FilterChainProxy$VirtualFilterChain.doFilter(FilterChainProxy.java:374)
	at org.springframework.security.web.savedrequest.RequestCacheAwareFilter.doFilter(RequestCacheAwareFilter.java:63)
	at org.springframework.security.web.FilterChainProxy$VirtualFilterChain.doFilter(FilterChainProxy.java:374)
	at smart.lending.rest.security.JwtFilter.doFilterInternal(JwtFilter.java:34)
	at org.springframework.web.filter.OncePerRequestFilter.doFilter(OncePerRequestFilter.java:116)
	at org.springframework.security.web.FilterChainProxy$VirtualFilterChain.doFilter(FilterChainProxy.java:374)
	at org.springframework.security.web.authentication.logout.LogoutFilter.doFilter(LogoutFilter.java:107)
	at org.springframework.security.web.authentication.logout.LogoutFilter.doFilter(LogoutFilter.java:93)
	at org.springframework.security.web.FilterChainProxy$VirtualFilterChain.doFilter(FilterChainProxy.java:374)
	at org.springframework.web.filter.CorsFilter.doFilterInternal(CorsFilter.java:91)
	at org.springframework.web.filter.OncePerRequestFilter.doFilter(OncePerRequestFilter.java:116)
	at org.springframework.security.web.FilterChainProxy$VirtualFilterChain.doFilter(FilterChainProxy.java:374)
	at org.springframework.security.web.header.HeaderWriterFilter.doHeadersAfter(HeaderWriterFilter.java:90)
	at org.springframework.security.web.header.HeaderWriterFilter.doFilterInternal(HeaderWriterFilter.java:75)
	at org.springframework.web.filter.OncePerRequestFilter.doFilter(OncePerRequestFilter.java:116)
	at org.springframework.security.web.FilterChainProxy$VirtualFilterChain.doFilter(FilterChainProxy.java:374)
	at org.springframework.security.web.context.SecurityContextHolderFilter.doFilter(SecurityContextHolderFilter.java:82)
	at org.springframework.security.web.context.SecurityContextHolderFilter.doFilter(SecurityContextHolderFilter.java:69)
	at org.springframework.security.web.FilterChainProxy$VirtualFilterChain.doFilter(FilterChainProxy.java:374)
	at org.springframework.security.web.context.request.async.WebAsyncManagerIntegrationFilter.doFilterInternal(WebAsyncManagerIntegrationFilter.java:62)
	at org.springframework.web.filter.OncePerRequestFilter.doFilter(OncePerRequestFilter.java:116)
	at org.springframework.security.web.FilterChainProxy$VirtualFilterChain.doFilter(FilterChainProxy.java:374)
	at org.springframework.security.web.session.DisableEncodeUrlFilter.doFilterInternal(DisableEncodeUrlFilter.java:42)
	at org.springframework.web.filter.OncePerRequestFilter.doFilter(OncePerRequestFilter.java:116)
	at org.springframework.security.web.FilterChainProxy$VirtualFilterChain.doFilter(FilterChainProxy.java:374)
	at org.springframework.security.web.FilterChainProxy.doFilterInternal(FilterChainProxy.java:233)
	at org.springframework.security.web.FilterChainProxy.doFilter(FilterChainProxy.java:191)
	at org.springframework.web.filter.CompositeFilter$VirtualFilterChain.doFilter(CompositeFilter.java:113)
	at org.springframework.web.servlet.handler.HandlerMappingIntrospector.lambda$createCacheFilter$3(HandlerMappingIntrospector.java:243)
	at org.springframework.web.filter.CompositeFilter$VirtualFilterChain.doFilter(CompositeFilter.java:113)
	at org.springframework.web.filter.CompositeFilter.doFilter(CompositeFilter.java:74)
	at org.springframework.security.config.annotation.web.configuration.WebMvcSecurityConfiguration$CompositeFilterChainProxy.doFilter(WebMvcSecurityConfiguration.java:238)
	at org.springframework.web.filter.DelegatingFilterProxy.invokeDelegate(DelegatingFilterProxy.java:362)
	at org.springframework.web.filter.DelegatingFilterProxy.doFilter(DelegatingFilterProxy.java:278)
	at org.apache.catalina.core.ApplicationFilterChain.internalDoFilter(ApplicationFilterChain.java:164)
	at org.apache.catalina.core.ApplicationFilterChain.doFilter(ApplicationFilterChain.java:140)
	at org.springframework.web.filter.RequestContextFilter.doFilterInternal(RequestContextFilter.java:100)
	at org.springframework.web.filter.OncePerRequestFilter.doFilter(OncePerRequestFilter.java:116)
	at org.apache.catalina.core.ApplicationFilterChain.internalDoFilter(ApplicationFilterChain.java:164)
	at org.apache.catalina.core.ApplicationFilterChain.doFilter(ApplicationFilterChain.java:140)
	at org.springframework.web.filter.FormContentFilter.doFilterInternal(FormContentFilter.java:93)
	at org.springframework.web.filter.OncePerRequestFilter.doFilter(OncePerRequestFilter.java:116)
	at org.apache.catalina.core.ApplicationFilterChain.internalDoFilter(ApplicationFilterChain.java:164)
	at org.apache.catalina.core.ApplicationFilterChain.doFilter(ApplicationFilterChain.java:140)
	at org.springframework.web.filter.CharacterEncodingFilter.doFilterInternal(CharacterEncodingFilter.java:201)
	at org.springframework.web.filter.OncePerRequestFilter.doFilter(OncePerRequestFilter.java:116)
	at org.apache.catalina.core.ApplicationFilterChain.internalDoFilter(ApplicationFilterChain.java:164)
	at org.apache.catalina.core.ApplicationFilterChain.doFilter(ApplicationFilterChain.java:140)
	at org.apache.catalina.core.StandardWrapperValve.invoke(StandardWrapperValve.java:167)
	at org.apache.catalina.core.StandardContextValve.invoke(StandardContextValve.java:90)
	at org.apache.catalina.authenticator.AuthenticatorBase.invoke(AuthenticatorBase.java:483)
	at org.apache.catalina.core.StandardHostValve.invoke(StandardHostValve.java:116)
	at org.apache.catalina.valves.ErrorReportValve.invoke(ErrorReportValve.java:93)
	at org.apache.catalina.core.StandardEngineValve.invoke(StandardEngineValve.java:74)
	at org.apache.catalina.connector.CoyoteAdapter.service(CoyoteAdapter.java:344)
	at org.apache.coyote.http11.Http11Processor.service(Http11Processor.java:398)
	at org.apache.coyote.AbstractProcessorLight.process(AbstractProcessorLight.java:63)
	at org.apache.coyote.AbstractProtocol$ConnectionHandler.process(AbstractProtocol.java:903)
	at org.apache.tomcat.util.net.NioEndpoint$SocketProcessor.doRun(NioEndpoint.java:1740)
	at org.apache.tomcat.util.net.SocketProcessorBase.run(SocketProcessorBase.java:52)
	at org.apache.tomcat.util.threads.ThreadPoolExecutor.runWorker(ThreadPoolExecutor.java:1189)
	at org.apache.tomcat.util.threads.ThreadPoolExecutor$Worker.run(ThreadPoolExecutor.java:658)
	at org.apache.tomcat.util.threads.TaskThread$WrappingRunnable.run(TaskThread.java:63)
	at java.base/java.lang.Thread.run(Thread.java:1583)
2025-07-16 12:39:54 DEBUG [http-nio-6201-exec-5] o.s.web.servlet.DispatcherServlet - POST "/api/auth/login", parameters={}
2025-07-16 12:39:54 DEBUG [http-nio-6201-exec-5] o.s.w.s.m.m.a.RequestMappingHandlerMapping - Mapped to smart.lending.rest.controller.AuthController#login(RequestWrapper)
2025-07-16 12:39:54 DEBUG [http-nio-6201-exec-5] o.s.w.s.m.m.a.RequestResponseBodyMethodProcessor - Read "application/json;charset=UTF-8" to [smart.lending.rest.payload.RequestWrapper@610d282c]
2025-07-16 12:39:54 DEBUG [http-nio-6201-exec-5] o.s.w.s.m.m.a.HttpEntityMethodProcessor - Using 'application/json', given [*/*] and supported [application/json, application/*+json, application/yaml]
2025-07-16 12:39:54 DEBUG [http-nio-6201-exec-5] o.s.w.s.m.m.a.HttpEntityMethodProcessor - Writing [smart.lending.rest.payload.ResponseWrapper@7ba6792a]
2025-07-16 12:39:54 DEBUG [http-nio-6201-exec-5] o.s.web.servlet.DispatcherServlet - Completed 200 OK
2025-07-16 12:39:54 INFO  [File Watcher] o.s.b.d.a.LocalDevToolsAutoConfiguration$RestartingClassPathChangeChangedEventListener - Restarting due to 2 class path changes (0 additions, 0 deletions, 2 modifications)
2025-07-16 12:39:54 INFO  [Thread-5] o.s.b.w.e.tomcat.GracefulShutdown - Commencing graceful shutdown. Waiting for active requests to complete
2025-07-16 12:39:54 INFO  [tomcat-shutdown] o.s.b.w.e.tomcat.GracefulShutdown - Graceful shutdown complete
2025-07-16 12:39:54 INFO  [Thread-5] o.f.j.s.i.a.AbstractAsyncExecutor - Shutting down the async job executor [org.flowable.job.service.impl.asyncexecutor.DefaultAsyncJobExecutor] for engine bpmn
2025-07-16 12:39:54 INFO  [flowable-bpmn-acquire-timer-jobs] o.f.j.s.i.a.AcquireTimerJobsRunnable - stopped async job due acquisition for engine bpmn
2025-07-16 12:39:54 INFO  [flowable-bpmn-acquire-async-jobs] o.f.j.s.i.a.AcquireAsyncJobsDueRunnable - stopped async job due acquisition for engine bpmn
2025-07-16 12:39:54 INFO  [flowable-bpmn-reset-expired-jobs] o.f.j.s.i.a.ResetExpiredJobsRunnable - stopped resetting expired jobs for engine bpmn
2025-07-16 12:39:54 INFO  [Thread-5] com.zaxxer.hikari.HikariDataSource - HikariPool-2 - Shutdown initiated...
2025-07-16 12:39:54 INFO  [Thread-5] com.zaxxer.hikari.HikariDataSource - HikariPool-2 - Shutdown completed.
2025-07-16 12:39:54 INFO  [Thread-5] o.s.o.j.LocalContainerEntityManagerFactoryBean - Closing JPA EntityManagerFactory for persistence unit 'platform'
2025-07-16 12:39:54 INFO  [Thread-5] com.zaxxer.hikari.HikariDataSource - HikariPool-1 - Shutdown initiated...
2025-07-16 12:39:54 INFO  [Thread-5] com.zaxxer.hikari.HikariDataSource - HikariPool-1 - Shutdown completed.
2025-07-16 12:39:55 INFO  [restartedMain] s.l.rest.app.SmartLendingRestApp - Starting SmartLendingRestApp using Java 21.0.6 with PID 43044 (/home/kitaro/dev-area/a2z-smart-lending-platform/backend/smart-lending-be/modules/smart-lending-api/smart-lending-rest-app/target/classes started by kitaro in /home/kitaro/dev-area/a2z-smart-lending-platform)
2025-07-16 12:39:55 INFO  [restartedMain] s.l.rest.app.SmartLendingRestApp - The following 1 profile is active: "uat"
2025-07-16 12:39:55 INFO  [restartedMain] o.s.d.r.c.RepositoryConfigurationDelegate - Bootstrapping Spring Data JPA repositories in DEFAULT mode.
2025-07-16 12:39:55 INFO  [restartedMain] o.s.d.r.c.RepositoryConfigurationDelegate - Finished Spring Data repository scanning in 7 ms. Found 3 JPA repository interfaces.
2025-07-16 12:39:55 INFO  [restartedMain] o.s.b.w.e.tomcat.TomcatWebServer - Tomcat initialized with port 6201 (http)
2025-07-16 12:39:55 INFO  [restartedMain] o.a.catalina.core.StandardService - Starting service [Tomcat]
2025-07-16 12:39:55 INFO  [restartedMain] o.a.catalina.core.StandardEngine - Starting Servlet engine: [Apache Tomcat/10.1.40]
2025-07-16 12:39:55 INFO  [restartedMain] o.a.c.c.C.[Tomcat].[localhost].[/] - Initializing Spring embedded WebApplicationContext
2025-07-16 12:39:55 INFO  [restartedMain] o.s.b.w.s.c.ServletWebServerApplicationContext - Root WebApplicationContext: initialization completed in 453 ms
2025-07-16 12:39:55 INFO  [restartedMain] s.l.domain.config.PlatformDbConfig - =========== Platform DataSource: HikariDataSource (null) ==========
2025-07-16 12:39:55 INFO  [restartedMain] o.h.jpa.internal.util.LogHelper - HHH000204: Processing PersistenceUnitInfo [name: platform]
2025-07-16 12:39:55 INFO  [restartedMain] o.h.c.i.RegionFactoryInitiator - HHH000026: Second-level cache disabled
2025-07-16 12:39:55 INFO  [restartedMain] o.s.o.j.p.SpringPersistenceUnitInfo - No LoadTimeWeaver setup: ignoring JPA class transformer
2025-07-16 12:39:55 INFO  [restartedMain] com.zaxxer.hikari.HikariDataSource - HikariPool-3 - Starting...
2025-07-16 12:39:55 INFO  [restartedMain] com.zaxxer.hikari.pool.HikariPool - HikariPool-3 - Added connection org.postgresql.jdbc.PgConnection@608efdb3
2025-07-16 12:39:55 INFO  [restartedMain] com.zaxxer.hikari.HikariDataSource - HikariPool-3 - Start completed.
2025-07-16 12:39:55 INFO  [restartedMain] o.hibernate.orm.connections.pooling - HHH10001005: Database info:
	Database JDBC URL [Connecting through datasource 'HikariDataSource (HikariPool-3)']
	Database driver: undefined/unknown
	Database version: 15.10
	Autocommit mode: undefined/unknown
	Isolation level: undefined/unknown
	Minimum pool size: undefined/unknown
	Maximum pool size: undefined/unknown
2025-07-16 12:39:55 INFO  [restartedMain] o.h.e.t.j.p.i.JtaPlatformInitiator - HHH000489: No JTA platform available (set 'hibernate.transaction.jta.platform' to enable JTA platform integration)
2025-07-16 12:39:55 INFO  [restartedMain] o.s.o.j.LocalContainerEntityManagerFactoryBean - Initialized JPA EntityManagerFactory for persistence unit 'platform'
2025-07-16 12:39:55 INFO  [restartedMain] s.l.domain.config.ProcessDbConfig - =========== Process DataSource: HikariDataSource (null) ==========
2025-07-16 12:39:56 INFO  [restartedMain] o.f.s.SpringProcessEngineConfiguration - Found 2 Engine Configurators in total:
2025-07-16 12:39:56 INFO  [restartedMain] o.f.s.SpringProcessEngineConfiguration - class org.flowable.eventregistry.spring.configurator.SpringEventRegistryConfigurator (priority:100000)
2025-07-16 12:39:56 INFO  [restartedMain] o.f.s.SpringProcessEngineConfiguration - class org.flowable.idm.engine.configurator.IdmEngineConfigurator (priority:150000)
2025-07-16 12:39:56 INFO  [restartedMain] o.f.s.SpringProcessEngineConfiguration - Executing beforeInit() of class org.flowable.eventregistry.spring.configurator.SpringEventRegistryConfigurator (priority:100000)
2025-07-16 12:39:56 INFO  [restartedMain] o.f.s.SpringProcessEngineConfiguration - Executing beforeInit() of class org.flowable.idm.engine.configurator.IdmEngineConfigurator (priority:150000)
2025-07-16 12:39:56 INFO  [restartedMain] com.zaxxer.hikari.HikariDataSource - HikariPool-4 - Starting...
2025-07-16 12:39:56 INFO  [restartedMain] com.zaxxer.hikari.pool.HikariPool - HikariPool-4 - Added connection org.postgresql.jdbc.PgConnection@2361f4b3
2025-07-16 12:39:56 INFO  [restartedMain] com.zaxxer.hikari.HikariDataSource - HikariPool-4 - Start completed.
2025-07-16 12:39:56 INFO  [restartedMain] o.f.c.e.i.a.DefaultAsyncTaskExecutor - Creating thread pool queue of size 100
2025-07-16 12:39:56 INFO  [restartedMain] o.f.c.e.i.a.DefaultAsyncTaskExecutor - Creating thread factory with naming pattern flowable-async-task-invoker-thread-%d
2025-07-16 12:39:56 INFO  [restartedMain] o.f.c.e.i.a.DefaultAsyncTaskExecutor - Creating executor service with corePoolSize 8, maxPoolSize 8 and keepAliveTime 5000
2025-07-16 12:39:56 INFO  [restartedMain] o.f.c.e.i.a.DefaultAsyncTaskExecutor - Using rejectedExecutionHandler java.util.concurrent.ThreadPoolExecutor$CallerRunsPolicy@4f071088
2025-07-16 12:39:56 INFO  [restartedMain] o.f.c.e.i.a.DefaultAsyncTaskExecutor - Creating thread pool queue of size 2048
2025-07-16 12:39:56 INFO  [restartedMain] o.f.c.e.i.a.DefaultAsyncTaskExecutor - Creating thread factory with naming pattern flowable-async-job-executor-thread-%d
2025-07-16 12:39:56 INFO  [restartedMain] o.f.c.e.i.a.DefaultAsyncTaskExecutor - Creating executor service with corePoolSize 8, maxPoolSize 8 and keepAliveTime 5000
2025-07-16 12:39:56 INFO  [restartedMain] o.f.s.SpringProcessEngineConfiguration - Executing configure() of class org.flowable.eventregistry.spring.configurator.SpringEventRegistryConfigurator (priority:100000)
2025-07-16 12:39:56 INFO  [restartedMain] liquibase.database - Set default schema name to public
2025-07-16 12:39:56 INFO  [restartedMain] liquibase.changelog - Reading from public.flw_ev_databasechangelog
2025-07-16 12:39:56 INFO  [restartedMain] liquibase.command - Command execution complete
2025-07-16 12:39:56 INFO  [restartedMain] o.f.e.impl.EventRegistryEngineImpl - EventRegistryEngine default created
2025-07-16 12:39:56 INFO  [restartedMain] o.f.s.SpringProcessEngineConfiguration - Executing configure() of class org.flowable.idm.engine.configurator.IdmEngineConfigurator (priority:150000)
2025-07-16 12:39:56 INFO  [restartedMain] o.f.idm.engine.impl.IdmEngineImpl - IdmEngine default created
2025-07-16 12:39:56 INFO  [restartedMain] o.f.engine.impl.ProcessEngineImpl - ProcessEngine default created
2025-07-16 12:39:56 INFO  [restartedMain] o.f.e.impl.cmd.ValidateV5EntitiesCmd - Total of v5 deployments found: 0
2025-07-16 12:39:56 WARN  [restartedMain] o.s.b.a.s.s.UserDetailsServiceAutoConfiguration - 

Using generated security password: 93f769d2-a354-4181-97b1-2513c98a4a75

This generated password is for development use only. Your security configuration must be updated before running your application in production.

2025-07-16 12:39:56 INFO  [restartedMain] o.s.s.c.a.a.c.InitializeUserDetailsBeanManagerConfigurer$InitializeUserDetailsManagerConfigurer - Global AuthenticationManager configured with UserDetailsService bean with name inMemoryUserDetailsManager
2025-07-16 12:39:56 DEBUG [restartedMain] o.s.w.s.m.m.a.RequestMappingHandlerMapping - 12 mappings in 'requestMappingHandlerMapping'
2025-07-16 12:39:56 DEBUG [restartedMain] o.s.w.s.h.SimpleUrlHandlerMapping - Patterns [/webjars/**, /**, /swagger-ui*/*swagger-initializer.js, /swagger-ui*/**] in 'resourceHandlerMapping'
2025-07-16 12:39:56 INFO  [restartedMain] o.s.v.b.OptionalValidatorFactoryBean - Failed to set up a Bean Validation provider: jakarta.validation.NoProviderFoundException: Unable to create a Configuration, because no Jakarta Bean Validation provider could be found. Add a provider like Hibernate Validator (RI) to your classpath.
2025-07-16 12:39:56 DEBUG [restartedMain] o.s.w.s.m.m.a.RequestMappingHandlerAdapter - ControllerAdvice beans: 0 @ModelAttribute, 0 @InitBinder, 1 RequestBodyAdvice, 1 ResponseBodyAdvice
2025-07-16 12:39:56 DEBUG [restartedMain] o.s.w.s.m.m.a.ExceptionHandlerExceptionResolver - ControllerAdvice beans: 1 @ExceptionHandler, 1 ResponseBodyAdvice
2025-07-16 12:39:57 INFO  [restartedMain] o.s.b.d.a.OptionalLiveReloadServer - LiveReload server is running on port 35729
2025-07-16 12:39:57 INFO  [restartedMain] o.f.j.s.i.a.AbstractAsyncExecutor - Starting up the async job executor [org.flowable.job.service.impl.asyncexecutor.DefaultAsyncJobExecutor] for engine bpmn
2025-07-16 12:39:57 INFO  [Thread-14] o.f.j.s.i.a.AcquireAsyncJobsDueRunnable - starting to acquire async jobs due for engine bpmn
2025-07-16 12:39:57 INFO  [Thread-15] o.f.j.s.i.a.AcquireTimerJobsRunnable - starting to acquire async jobs due for engine bpmn
2025-07-16 12:39:57 INFO  [Thread-16] o.f.j.s.i.a.ResetExpiredJobsRunnable - starting to reset expired jobs for engine bpmn
2025-07-16 12:39:57 INFO  [restartedMain] o.s.b.w.e.tomcat.TomcatWebServer - Tomcat started on port 6201 (http) with context path '/'
2025-07-16 12:39:57 INFO  [restartedMain] s.l.rest.app.SmartLendingRestApp - Started SmartLendingRestApp in 2.159 seconds (process running for 137.802)
2025-07-16 12:39:57 INFO  [restartedMain] o.s.b.d.a.ConditionEvaluationDeltaLoggingListener - Condition evaluation unchanged
2025-07-16 12:40:18 INFO  [SpringApplicationShutdownHook] o.s.b.w.e.tomcat.GracefulShutdown - Commencing graceful shutdown. Waiting for active requests to complete
2025-07-16 12:40:18 INFO  [tomcat-shutdown] o.s.b.w.e.tomcat.GracefulShutdown - Graceful shutdown complete
2025-07-16 12:40:18 INFO  [SpringApplicationShutdownHook] o.f.j.s.i.a.AbstractAsyncExecutor - Shutting down the async job executor [org.flowable.job.service.impl.asyncexecutor.DefaultAsyncJobExecutor] for engine bpmn
2025-07-16 12:40:18 INFO  [flowable-bpmn-acquire-timer-jobs] o.f.j.s.i.a.AcquireTimerJobsRunnable - stopped async job due acquisition for engine bpmn
2025-07-16 12:40:18 INFO  [flowable-bpmn-acquire-async-jobs] o.f.j.s.i.a.AcquireAsyncJobsDueRunnable - stopped async job due acquisition for engine bpmn
2025-07-16 12:40:18 INFO  [flowable-bpmn-reset-expired-jobs] o.f.j.s.i.a.ResetExpiredJobsRunnable - stopped resetting expired jobs for engine bpmn
2025-07-16 12:40:18 INFO  [SpringApplicationShutdownHook] com.zaxxer.hikari.HikariDataSource - HikariPool-4 - Shutdown initiated...
2025-07-16 12:40:18 INFO  [SpringApplicationShutdownHook] com.zaxxer.hikari.HikariDataSource - HikariPool-4 - Shutdown completed.
2025-07-16 12:40:18 INFO  [SpringApplicationShutdownHook] o.s.o.j.LocalContainerEntityManagerFactoryBean - Closing JPA EntityManagerFactory for persistence unit 'platform'
2025-07-16 12:40:18 INFO  [SpringApplicationShutdownHook] com.zaxxer.hikari.HikariDataSource - HikariPool-3 - Shutdown initiated...
2025-07-16 12:40:18 INFO  [SpringApplicationShutdownHook] com.zaxxer.hikari.HikariDataSource - HikariPool-3 - Shutdown completed.
2025-07-16 15:00:32 INFO  [restartedMain] s.l.rest.app.SmartLendingRestApp - Starting SmartLendingRestApp using Java 21.0.6 with PID 52061 (/home/kitaro/dev-area/a2z-smart-lending-platform/backend/smart-lending-be/modules/smart-lending-api/smart-lending-rest-app/target/classes started by kitaro in /home/kitaro/dev-area/a2z-smart-lending-platform)
2025-07-16 15:00:32 INFO  [restartedMain] s.l.rest.app.SmartLendingRestApp - The following 1 profile is active: "uat"
2025-07-16 15:00:32 INFO  [restartedMain] o.s.b.d.e.DevToolsPropertyDefaultsPostProcessor - Devtools property defaults active! Set 'spring.devtools.add-properties' to 'false' to disable
2025-07-16 15:00:32 INFO  [restartedMain] o.s.b.d.e.DevToolsPropertyDefaultsPostProcessor - For additional web related logging consider setting the 'logging.level.web' property to 'DEBUG'
2025-07-16 15:00:33 INFO  [restartedMain] o.s.d.r.c.RepositoryConfigurationDelegate - Bootstrapping Spring Data JPA repositories in DEFAULT mode.
2025-07-16 15:00:33 INFO  [restartedMain] o.s.d.r.c.RepositoryConfigurationDelegate - Finished Spring Data repository scanning in 41 ms. Found 3 JPA repository interfaces.
2025-07-16 15:00:34 INFO  [restartedMain] o.s.b.w.e.tomcat.TomcatWebServer - Tomcat initialized with port 6201 (http)
2025-07-16 15:00:34 INFO  [restartedMain] o.a.catalina.core.StandardService - Starting service [Tomcat]
2025-07-16 15:00:34 INFO  [restartedMain] o.a.catalina.core.StandardEngine - Starting Servlet engine: [Apache Tomcat/10.1.40]
2025-07-16 15:00:34 INFO  [restartedMain] o.a.c.c.C.[Tomcat].[localhost].[/] - Initializing Spring embedded WebApplicationContext
2025-07-16 15:00:34 INFO  [restartedMain] o.s.b.w.s.c.ServletWebServerApplicationContext - Root WebApplicationContext: initialization completed in 1748 ms
2025-07-16 15:00:34 INFO  [restartedMain] s.l.domain.config.PlatformDbConfig - =========== Platform DataSource: HikariDataSource (null) ==========
2025-07-16 15:00:34 INFO  [restartedMain] o.h.jpa.internal.util.LogHelper - HHH000204: Processing PersistenceUnitInfo [name: platform]
2025-07-16 15:00:34 INFO  [restartedMain] org.hibernate.Version - HHH000412: Hibernate ORM core version 6.6.13.Final
2025-07-16 15:00:34 INFO  [restartedMain] o.h.c.i.RegionFactoryInitiator - HHH000026: Second-level cache disabled
2025-07-16 15:00:34 INFO  [restartedMain] o.s.o.j.p.SpringPersistenceUnitInfo - No LoadTimeWeaver setup: ignoring JPA class transformer
2025-07-16 15:00:34 INFO  [restartedMain] com.zaxxer.hikari.HikariDataSource - HikariPool-1 - Starting...
2025-07-16 15:00:35 INFO  [restartedMain] com.zaxxer.hikari.pool.HikariPool - HikariPool-1 - Added connection org.postgresql.jdbc.PgConnection@648e8127
2025-07-16 15:00:35 INFO  [restartedMain] com.zaxxer.hikari.HikariDataSource - HikariPool-1 - Start completed.
2025-07-16 15:00:35 INFO  [restartedMain] o.hibernate.orm.connections.pooling - HHH10001005: Database info:
	Database JDBC URL [Connecting through datasource 'HikariDataSource (HikariPool-1)']
	Database driver: undefined/unknown
	Database version: 15.10
	Autocommit mode: undefined/unknown
	Isolation level: undefined/unknown
	Minimum pool size: undefined/unknown
	Maximum pool size: undefined/unknown
2025-07-16 15:00:35 INFO  [restartedMain] o.h.e.t.j.p.i.JtaPlatformInitiator - HHH000489: No JTA platform available (set 'hibernate.transaction.jta.platform' to enable JTA platform integration)
2025-07-16 15:00:36 INFO  [restartedMain] o.s.o.j.LocalContainerEntityManagerFactoryBean - Initialized JPA EntityManagerFactory for persistence unit 'platform'
2025-07-16 15:00:36 INFO  [restartedMain] o.s.d.j.r.query.QueryEnhancerFactory - Hibernate is in classpath; If applicable, HQL parser will be used.
2025-07-16 15:00:36 INFO  [restartedMain] s.l.domain.config.ProcessDbConfig - =========== Process DataSource: HikariDataSource (null) ==========
2025-07-16 15:00:37 INFO  [restartedMain] o.f.s.SpringProcessEngineConfiguration - Found 2 Engine Configurators in total:
2025-07-16 15:00:37 INFO  [restartedMain] o.f.s.SpringProcessEngineConfiguration - class org.flowable.eventregistry.spring.configurator.SpringEventRegistryConfigurator (priority:100000)
2025-07-16 15:00:37 INFO  [restartedMain] o.f.s.SpringProcessEngineConfiguration - class org.flowable.idm.engine.configurator.IdmEngineConfigurator (priority:150000)
2025-07-16 15:00:37 INFO  [restartedMain] o.f.s.SpringProcessEngineConfiguration - Executing beforeInit() of class org.flowable.eventregistry.spring.configurator.SpringEventRegistryConfigurator (priority:100000)
2025-07-16 15:00:37 INFO  [restartedMain] o.f.s.SpringProcessEngineConfiguration - Executing beforeInit() of class org.flowable.idm.engine.configurator.IdmEngineConfigurator (priority:150000)
2025-07-16 15:00:37 INFO  [restartedMain] com.zaxxer.hikari.HikariDataSource - HikariPool-2 - Starting...
2025-07-16 15:00:37 INFO  [restartedMain] com.zaxxer.hikari.pool.HikariPool - HikariPool-2 - Added connection org.postgresql.jdbc.PgConnection@632b2441
2025-07-16 15:00:37 INFO  [restartedMain] com.zaxxer.hikari.HikariDataSource - HikariPool-2 - Start completed.
2025-07-16 15:00:37 INFO  [restartedMain] o.f.c.e.i.a.DefaultAsyncTaskExecutor - Creating thread pool queue of size 100
2025-07-16 15:00:37 INFO  [restartedMain] o.f.c.e.i.a.DefaultAsyncTaskExecutor - Creating thread factory with naming pattern flowable-async-task-invoker-thread-%d
2025-07-16 15:00:37 INFO  [restartedMain] o.f.c.e.i.a.DefaultAsyncTaskExecutor - Creating executor service with corePoolSize 8, maxPoolSize 8 and keepAliveTime 5000
2025-07-16 15:00:37 INFO  [restartedMain] o.f.c.e.i.a.DefaultAsyncTaskExecutor - Using rejectedExecutionHandler java.util.concurrent.ThreadPoolExecutor$CallerRunsPolicy@4ba218fa
2025-07-16 15:00:37 INFO  [restartedMain] o.f.c.e.i.a.DefaultAsyncTaskExecutor - Creating thread pool queue of size 2048
2025-07-16 15:00:37 INFO  [restartedMain] o.f.c.e.i.a.DefaultAsyncTaskExecutor - Creating thread factory with naming pattern flowable-async-job-executor-thread-%d
2025-07-16 15:00:37 INFO  [restartedMain] o.f.c.e.i.a.DefaultAsyncTaskExecutor - Creating executor service with corePoolSize 8, maxPoolSize 8 and keepAliveTime 5000
2025-07-16 15:00:37 INFO  [restartedMain] o.f.s.SpringProcessEngineConfiguration - Executing configure() of class org.flowable.eventregistry.spring.configurator.SpringEventRegistryConfigurator (priority:100000)
2025-07-16 15:00:38 INFO  [restartedMain] liquibase.database - Set default schema name to public
2025-07-16 15:00:38 INFO  [restartedMain] liquibase.changelog - Reading from public.flw_ev_databasechangelog
2025-07-16 15:00:38 INFO  [restartedMain] liquibase.command - Command execution complete
2025-07-16 15:00:38 INFO  [restartedMain] o.f.e.impl.EventRegistryEngineImpl - EventRegistryEngine default created
2025-07-16 15:00:38 INFO  [restartedMain] o.f.s.SpringProcessEngineConfiguration - Executing configure() of class org.flowable.idm.engine.configurator.IdmEngineConfigurator (priority:150000)
2025-07-16 15:00:38 INFO  [restartedMain] o.f.idm.engine.impl.IdmEngineImpl - IdmEngine default created
2025-07-16 15:00:38 INFO  [restartedMain] o.f.engine.impl.ProcessEngineImpl - ProcessEngine default created
2025-07-16 15:00:38 INFO  [restartedMain] o.f.e.impl.cmd.ValidateV5EntitiesCmd - Total of v5 deployments found: 0
2025-07-16 15:00:39 WARN  [restartedMain] o.s.b.a.s.s.UserDetailsServiceAutoConfiguration - 

Using generated security password: 8fab0984-6839-454b-a78d-dcf7225cc6fb

This generated password is for development use only. Your security configuration must be updated before running your application in production.

2025-07-16 15:00:39 INFO  [restartedMain] o.s.s.c.a.a.c.InitializeUserDetailsBeanManagerConfigurer$InitializeUserDetailsManagerConfigurer - Global AuthenticationManager configured with UserDetailsService bean with name inMemoryUserDetailsManager
2025-07-16 15:00:39 DEBUG [restartedMain] o.s.w.s.m.m.a.RequestMappingHandlerMapping - 11 mappings in 'requestMappingHandlerMapping'
2025-07-16 15:00:39 DEBUG [restartedMain] o.s.w.s.h.SimpleUrlHandlerMapping - Patterns [/webjars/**, /**, /swagger-ui*/*swagger-initializer.js, /swagger-ui*/**] in 'resourceHandlerMapping'
2025-07-16 15:00:39 INFO  [restartedMain] o.s.v.b.OptionalValidatorFactoryBean - Failed to set up a Bean Validation provider: jakarta.validation.NoProviderFoundException: Unable to create a Configuration, because no Jakarta Bean Validation provider could be found. Add a provider like Hibernate Validator (RI) to your classpath.
2025-07-16 15:00:39 DEBUG [restartedMain] o.s.w.s.m.m.a.RequestMappingHandlerAdapter - ControllerAdvice beans: 0 @ModelAttribute, 0 @InitBinder, 1 RequestBodyAdvice, 1 ResponseBodyAdvice
2025-07-16 15:00:39 DEBUG [restartedMain] o.s.w.s.m.m.a.ExceptionHandlerExceptionResolver - ControllerAdvice beans: 1 @ExceptionHandler, 1 ResponseBodyAdvice
2025-07-16 15:00:40 INFO  [restartedMain] o.s.b.d.a.OptionalLiveReloadServer - LiveReload server is running on port 35729
2025-07-16 15:00:40 INFO  [restartedMain] o.f.j.s.i.a.AbstractAsyncExecutor - Starting up the async job executor [org.flowable.job.service.impl.asyncexecutor.DefaultAsyncJobExecutor] for engine bpmn
2025-07-16 15:00:40 INFO  [Thread-9] o.f.j.s.i.a.ResetExpiredJobsRunnable - starting to reset expired jobs for engine bpmn
2025-07-16 15:00:40 INFO  [Thread-8] o.f.j.s.i.a.AcquireTimerJobsRunnable - starting to acquire async jobs due for engine bpmn
2025-07-16 15:00:40 INFO  [Thread-7] o.f.j.s.i.a.AcquireAsyncJobsDueRunnable - starting to acquire async jobs due for engine bpmn
2025-07-16 15:00:40 INFO  [restartedMain] o.s.b.w.e.tomcat.TomcatWebServer - Tomcat started on port 6201 (http) with context path '/'
2025-07-16 15:00:40 INFO  [restartedMain] s.l.rest.app.SmartLendingRestApp - Started SmartLendingRestApp in 8.194 seconds (process running for 8.94)
2025-07-16 15:00:47 INFO  [SpringApplicationShutdownHook] o.s.b.w.e.tomcat.GracefulShutdown - Commencing graceful shutdown. Waiting for active requests to complete
2025-07-16 15:00:47 INFO  [tomcat-shutdown] o.s.b.w.e.tomcat.GracefulShutdown - Graceful shutdown complete
2025-07-16 15:00:47 INFO  [SpringApplicationShutdownHook] o.f.j.s.i.a.AbstractAsyncExecutor - Shutting down the async job executor [org.flowable.job.service.impl.asyncexecutor.DefaultAsyncJobExecutor] for engine bpmn
2025-07-16 15:00:47 INFO  [flowable-bpmn-acquire-timer-jobs] o.f.j.s.i.a.AcquireTimerJobsRunnable - stopped async job due acquisition for engine bpmn
2025-07-16 15:00:47 INFO  [flowable-bpmn-acquire-async-jobs] o.f.j.s.i.a.AcquireAsyncJobsDueRunnable - stopped async job due acquisition for engine bpmn
2025-07-16 15:00:47 INFO  [flowable-bpmn-reset-expired-jobs] o.f.j.s.i.a.ResetExpiredJobsRunnable - stopped resetting expired jobs for engine bpmn
2025-07-16 15:00:47 INFO  [SpringApplicationShutdownHook] com.zaxxer.hikari.HikariDataSource - HikariPool-2 - Shutdown initiated...
2025-07-16 15:00:47 INFO  [SpringApplicationShutdownHook] com.zaxxer.hikari.HikariDataSource - HikariPool-2 - Shutdown completed.
2025-07-16 15:00:47 INFO  [SpringApplicationShutdownHook] o.s.o.j.LocalContainerEntityManagerFactoryBean - Closing JPA EntityManagerFactory for persistence unit 'platform'
2025-07-16 15:00:47 INFO  [SpringApplicationShutdownHook] com.zaxxer.hikari.HikariDataSource - HikariPool-1 - Shutdown initiated...
2025-07-16 15:00:47 INFO  [SpringApplicationShutdownHook] com.zaxxer.hikari.HikariDataSource - HikariPool-1 - Shutdown completed.
2025-07-16 15:01:39 INFO  [restartedMain] s.l.rest.app.SmartLendingRestApp - Starting SmartLendingRestApp using Java 21.0.6 with PID 55405 (/home/kitaro/dev-area/a2z-smart-lending-platform/backend/smart-lending-be/modules/smart-lending-api/smart-lending-rest-app/target/classes started by kitaro in /home/kitaro/dev-area/a2z-smart-lending-platform)
2025-07-16 15:01:39 INFO  [restartedMain] s.l.rest.app.SmartLendingRestApp - The following 1 profile is active: "uat"
2025-07-16 15:01:40 INFO  [restartedMain] o.s.b.d.e.DevToolsPropertyDefaultsPostProcessor - Devtools property defaults active! Set 'spring.devtools.add-properties' to 'false' to disable
2025-07-16 15:01:40 INFO  [restartedMain] o.s.b.d.e.DevToolsPropertyDefaultsPostProcessor - For additional web related logging consider setting the 'logging.level.web' property to 'DEBUG'
2025-07-16 15:01:40 INFO  [restartedMain] o.s.d.r.c.RepositoryConfigurationDelegate - Bootstrapping Spring Data JPA repositories in DEFAULT mode.
2025-07-16 15:01:40 INFO  [restartedMain] o.s.d.r.c.RepositoryConfigurationDelegate - Finished Spring Data repository scanning in 38 ms. Found 3 JPA repository interfaces.
2025-07-16 15:01:41 INFO  [restartedMain] o.s.b.w.e.tomcat.TomcatWebServer - Tomcat initialized with port 6201 (http)
2025-07-16 15:01:41 INFO  [restartedMain] o.a.catalina.core.StandardService - Starting service [Tomcat]
2025-07-16 15:01:41 INFO  [restartedMain] o.a.catalina.core.StandardEngine - Starting Servlet engine: [Apache Tomcat/10.1.40]
2025-07-16 15:01:41 INFO  [restartedMain] o.a.c.c.C.[Tomcat].[localhost].[/] - Initializing Spring embedded WebApplicationContext
2025-07-16 15:01:41 INFO  [restartedMain] o.s.b.w.s.c.ServletWebServerApplicationContext - Root WebApplicationContext: initialization completed in 1814 ms
2025-07-16 15:01:41 INFO  [restartedMain] s.l.domain.config.PlatformDbConfig - =========== Platform DataSource: HikariDataSource (null) ==========
2025-07-16 15:01:42 INFO  [restartedMain] o.h.jpa.internal.util.LogHelper - HHH000204: Processing PersistenceUnitInfo [name: platform]
2025-07-16 15:01:42 INFO  [restartedMain] org.hibernate.Version - HHH000412: Hibernate ORM core version 6.6.13.Final
2025-07-16 15:01:42 INFO  [restartedMain] o.h.c.i.RegionFactoryInitiator - HHH000026: Second-level cache disabled
2025-07-16 15:01:41 INFO  [restartedMain] o.s.o.j.p.SpringPersistenceUnitInfo - No LoadTimeWeaver setup: ignoring JPA class transformer
2025-07-16 15:01:41 INFO  [restartedMain] com.zaxxer.hikari.HikariDataSource - HikariPool-1 - Starting...
2025-07-16 15:01:41 INFO  [restartedMain] com.zaxxer.hikari.pool.HikariPool - HikariPool-1 - Added connection org.postgresql.jdbc.PgConnection@41b2b882
2025-07-16 15:01:41 INFO  [restartedMain] com.zaxxer.hikari.HikariDataSource - HikariPool-1 - Start completed.
2025-07-16 15:01:41 INFO  [restartedMain] o.hibernate.orm.connections.pooling - HHH10001005: Database info:
	Database JDBC URL [Connecting through datasource 'HikariDataSource (HikariPool-1)']
	Database driver: undefined/unknown
	Database version: 15.10
	Autocommit mode: undefined/unknown
	Isolation level: undefined/unknown
	Minimum pool size: undefined/unknown
	Maximum pool size: undefined/unknown
2025-07-16 15:01:42 INFO  [restartedMain] o.h.e.t.j.p.i.JtaPlatformInitiator - HHH000489: No JTA platform available (set 'hibernate.transaction.jta.platform' to enable JTA platform integration)
2025-07-16 15:01:42 INFO  [restartedMain] o.s.o.j.LocalContainerEntityManagerFactoryBean - Initialized JPA EntityManagerFactory for persistence unit 'platform'
2025-07-16 15:01:42 INFO  [restartedMain] o.s.d.j.r.query.QueryEnhancerFactory - Hibernate is in classpath; If applicable, HQL parser will be used.
2025-07-16 15:01:43 INFO  [restartedMain] s.l.domain.config.ProcessDbConfig - =========== Process DataSource: HikariDataSource (null) ==========
2025-07-16 15:01:43 INFO  [restartedMain] o.f.s.SpringProcessEngineConfiguration - Found 2 Engine Configurators in total:
2025-07-16 15:01:43 INFO  [restartedMain] o.f.s.SpringProcessEngineConfiguration - class org.flowable.eventregistry.spring.configurator.SpringEventRegistryConfigurator (priority:100000)
2025-07-16 15:01:43 INFO  [restartedMain] o.f.s.SpringProcessEngineConfiguration - class org.flowable.idm.engine.configurator.IdmEngineConfigurator (priority:150000)
2025-07-16 15:01:43 INFO  [restartedMain] o.f.s.SpringProcessEngineConfiguration - Executing beforeInit() of class org.flowable.eventregistry.spring.configurator.SpringEventRegistryConfigurator (priority:100000)
2025-07-16 15:01:43 INFO  [restartedMain] o.f.s.SpringProcessEngineConfiguration - Executing beforeInit() of class org.flowable.idm.engine.configurator.IdmEngineConfigurator (priority:150000)
2025-07-16 15:01:43 INFO  [restartedMain] com.zaxxer.hikari.HikariDataSource - HikariPool-2 - Starting...
2025-07-16 15:01:43 INFO  [restartedMain] com.zaxxer.hikari.pool.HikariPool - HikariPool-2 - Added connection org.postgresql.jdbc.PgConnection@256672f6
2025-07-16 15:01:43 INFO  [restartedMain] com.zaxxer.hikari.HikariDataSource - HikariPool-2 - Start completed.
2025-07-16 15:01:44 INFO  [restartedMain] o.f.c.e.i.a.DefaultAsyncTaskExecutor - Creating thread pool queue of size 100
2025-07-16 15:01:44 INFO  [restartedMain] o.f.c.e.i.a.DefaultAsyncTaskExecutor - Creating thread factory with naming pattern flowable-async-task-invoker-thread-%d
2025-07-16 15:01:44 INFO  [restartedMain] o.f.c.e.i.a.DefaultAsyncTaskExecutor - Creating executor service with corePoolSize 8, maxPoolSize 8 and keepAliveTime 5000
2025-07-16 15:01:44 INFO  [restartedMain] o.f.c.e.i.a.DefaultAsyncTaskExecutor - Using rejectedExecutionHandler java.util.concurrent.ThreadPoolExecutor$CallerRunsPolicy@8b1b8b7
2025-07-16 15:01:44 INFO  [restartedMain] o.f.c.e.i.a.DefaultAsyncTaskExecutor - Creating thread pool queue of size 2048
2025-07-16 15:01:44 INFO  [restartedMain] o.f.c.e.i.a.DefaultAsyncTaskExecutor - Creating thread factory with naming pattern flowable-async-job-executor-thread-%d
2025-07-16 15:01:44 INFO  [restartedMain] o.f.c.e.i.a.DefaultAsyncTaskExecutor - Creating executor service with corePoolSize 8, maxPoolSize 8 and keepAliveTime 5000
2025-07-16 15:01:44 INFO  [restartedMain] o.f.s.SpringProcessEngineConfiguration - Executing configure() of class org.flowable.eventregistry.spring.configurator.SpringEventRegistryConfigurator (priority:100000)
2025-07-16 15:01:44 INFO  [restartedMain] liquibase.database - Set default schema name to public
2025-07-16 15:01:44 INFO  [restartedMain] liquibase.changelog - Reading from public.flw_ev_databasechangelog
2025-07-16 15:01:44 INFO  [restartedMain] liquibase.command - Command execution complete
2025-07-16 15:01:44 INFO  [restartedMain] o.f.e.impl.EventRegistryEngineImpl - EventRegistryEngine default created
2025-07-16 15:01:44 INFO  [restartedMain] o.f.s.SpringProcessEngineConfiguration - Executing configure() of class org.flowable.idm.engine.configurator.IdmEngineConfigurator (priority:150000)
2025-07-16 15:01:44 INFO  [restartedMain] o.f.idm.engine.impl.IdmEngineImpl - IdmEngine default created
2025-07-16 15:01:44 INFO  [restartedMain] o.f.engine.impl.ProcessEngineImpl - ProcessEngine default created
2025-07-16 15:01:45 INFO  [restartedMain] o.f.e.impl.cmd.ValidateV5EntitiesCmd - Total of v5 deployments found: 0
2025-07-16 15:01:45 WARN  [restartedMain] o.s.b.a.s.s.UserDetailsServiceAutoConfiguration - 

Using generated security password: 61b5a33b-0b7b-4903-aa16-ed3f636fe159

This generated password is for development use only. Your security configuration must be updated before running your application in production.

2025-07-16 15:01:45 INFO  [restartedMain] o.s.s.c.a.a.c.InitializeUserDetailsBeanManagerConfigurer$InitializeUserDetailsManagerConfigurer - Global AuthenticationManager configured with UserDetailsService bean with name inMemoryUserDetailsManager
2025-07-16 15:01:45 DEBUG [restartedMain] o.s.w.s.m.m.a.RequestMappingHandlerMapping - 11 mappings in 'requestMappingHandlerMapping'
2025-07-16 15:01:45 DEBUG [restartedMain] o.s.w.s.h.SimpleUrlHandlerMapping - Patterns [/webjars/**, /**, /swagger-ui*/*swagger-initializer.js, /swagger-ui*/**] in 'resourceHandlerMapping'
2025-07-16 15:01:45 INFO  [restartedMain] o.s.v.b.OptionalValidatorFactoryBean - Failed to set up a Bean Validation provider: jakarta.validation.NoProviderFoundException: Unable to create a Configuration, because no Jakarta Bean Validation provider could be found. Add a provider like Hibernate Validator (RI) to your classpath.
2025-07-16 15:01:45 DEBUG [restartedMain] o.s.w.s.m.m.a.RequestMappingHandlerAdapter - ControllerAdvice beans: 0 @ModelAttribute, 0 @InitBinder, 1 RequestBodyAdvice, 1 ResponseBodyAdvice
2025-07-16 15:01:45 DEBUG [restartedMain] o.s.w.s.m.m.a.ExceptionHandlerExceptionResolver - ControllerAdvice beans: 1 @ExceptionHandler, 1 ResponseBodyAdvice
2025-07-16 15:01:46 INFO  [restartedMain] o.s.b.d.a.OptionalLiveReloadServer - LiveReload server is running on port 35729
2025-07-16 15:01:46 INFO  [restartedMain] o.f.j.s.i.a.AbstractAsyncExecutor - Starting up the async job executor [org.flowable.job.service.impl.asyncexecutor.DefaultAsyncJobExecutor] for engine bpmn
2025-07-16 15:01:46 INFO  [Thread-9] o.f.j.s.i.a.ResetExpiredJobsRunnable - starting to reset expired jobs for engine bpmn
2025-07-16 15:01:46 INFO  [Thread-8] o.f.j.s.i.a.AcquireTimerJobsRunnable - starting to acquire async jobs due for engine bpmn
2025-07-16 15:01:46 INFO  [Thread-7] o.f.j.s.i.a.AcquireAsyncJobsDueRunnable - starting to acquire async jobs due for engine bpmn
2025-07-16 15:01:46 INFO  [restartedMain] o.s.b.w.e.tomcat.TomcatWebServer - Tomcat started on port 6201 (http) with context path '/'
2025-07-16 15:01:46 INFO  [restartedMain] s.l.rest.app.SmartLendingRestApp - Started SmartLendingRestApp in 6.751 seconds (process running for 8.474)
2025-07-16 15:02:22 INFO  [http-nio-6201-exec-1] o.a.c.c.C.[Tomcat].[localhost].[/] - Initializing Spring DispatcherServlet 'dispatcherServlet'
2025-07-16 15:02:22 INFO  [http-nio-6201-exec-1] o.s.web.servlet.DispatcherServlet - Initializing Servlet 'dispatcherServlet'
2025-07-16 15:02:22 DEBUG [http-nio-6201-exec-1] o.s.web.servlet.DispatcherServlet - Detected StandardServletMultipartResolver
2025-07-16 15:02:22 DEBUG [http-nio-6201-exec-1] o.s.web.servlet.DispatcherServlet - Detected AcceptHeaderLocaleResolver
2025-07-16 15:02:22 DEBUG [http-nio-6201-exec-1] o.s.web.servlet.DispatcherServlet - Detected FixedThemeResolver
2025-07-16 15:02:22 DEBUG [http-nio-6201-exec-1] o.s.web.servlet.DispatcherServlet - Detected org.springframework.web.servlet.view.DefaultRequestToViewNameTranslator@6a6c9e65
2025-07-16 15:02:22 DEBUG [http-nio-6201-exec-1] o.s.web.servlet.DispatcherServlet - Detected org.springframework.web.servlet.support.SessionFlashMapManager@13965a2b
2025-07-16 15:02:22 DEBUG [http-nio-6201-exec-1] o.s.web.servlet.DispatcherServlet - enableLoggingRequestDetails='false': request parameters and headers will be masked to prevent unsafe logging of potentially sensitive data
2025-07-16 15:02:22 INFO  [http-nio-6201-exec-1] o.s.web.servlet.DispatcherServlet - Completed initialization in 5 ms
2025-07-16 15:02:22 DEBUG [http-nio-6201-exec-1] o.s.web.servlet.DispatcherServlet - GET "/swagger-ui/index.html", parameters={}
2025-07-16 15:02:22 DEBUG [http-nio-6201-exec-1] o.s.w.s.h.SimpleUrlHandlerMapping - Mapped to ResourceHttpRequestHandler [classpath [META-INF/resources/webjars/]]
2025-07-16 15:02:22 DEBUG [http-nio-6201-exec-1] o.s.web.servlet.DispatcherServlet - Completed 200 OK
2025-07-16 15:02:22 DEBUG [http-nio-6201-exec-2] o.s.web.servlet.DispatcherServlet - GET "/swagger-ui/swagger-ui.css", parameters={}
2025-07-16 15:02:22 DEBUG [http-nio-6201-exec-3] o.s.web.servlet.DispatcherServlet - GET "/swagger-ui/index.css", parameters={}
2025-07-16 15:02:22 DEBUG [http-nio-6201-exec-3] o.s.w.s.h.SimpleUrlHandlerMapping - Mapped to ResourceHttpRequestHandler [classpath [META-INF/resources/webjars/]]
2025-07-16 15:02:22 DEBUG [http-nio-6201-exec-2] o.s.w.s.h.SimpleUrlHandlerMapping - Mapped to ResourceHttpRequestHandler [classpath [META-INF/resources/webjars/]]
2025-07-16 15:02:22 DEBUG [http-nio-6201-exec-4] o.s.web.servlet.DispatcherServlet - GET "/swagger-ui/swagger-ui-bundle.js", parameters={}
2025-07-16 15:02:22 DEBUG [http-nio-6201-exec-3] o.s.web.servlet.DispatcherServlet - Completed 200 OK
2025-07-16 15:02:22 DEBUG [http-nio-6201-exec-4] o.s.w.s.h.SimpleUrlHandlerMapping - Mapped to ResourceHttpRequestHandler [classpath [META-INF/resources/webjars/]]
2025-07-16 15:02:22 DEBUG [http-nio-6201-exec-2] o.s.web.servlet.DispatcherServlet - Completed 200 OK
2025-07-16 15:02:22 DEBUG [http-nio-6201-exec-6] o.s.web.servlet.DispatcherServlet - GET "/swagger-ui/swagger-initializer.js", parameters={}
2025-07-16 15:02:22 DEBUG [http-nio-6201-exec-5] o.s.web.servlet.DispatcherServlet - GET "/swagger-ui/swagger-ui-standalone-preset.js", parameters={}
2025-07-16 15:02:22 DEBUG [http-nio-6201-exec-5] o.s.w.s.h.SimpleUrlHandlerMapping - Mapped to ResourceHttpRequestHandler [classpath [META-INF/resources/webjars/]]
2025-07-16 15:02:22 DEBUG [http-nio-6201-exec-6] o.s.w.s.h.SimpleUrlHandlerMapping - Mapped to ResourceHttpRequestHandler [classpath [META-INF/resources/webjars/]]
2025-07-16 15:02:22 DEBUG [http-nio-6201-exec-5] o.s.web.servlet.DispatcherServlet - Completed 200 OK
2025-07-16 15:02:22 DEBUG [http-nio-6201-exec-4] o.s.web.servlet.DispatcherServlet - Completed 200 OK
2025-07-16 15:02:22 DEBUG [http-nio-6201-exec-6] o.s.web.servlet.DispatcherServlet - Completed 200 OK
2025-07-16 15:02:22 DEBUG [http-nio-6201-exec-7] o.s.web.servlet.DispatcherServlet - GET "/swagger-ui/favicon-16x16.png", parameters={}
2025-07-16 15:02:22 DEBUG [http-nio-6201-exec-7] o.s.w.s.h.SimpleUrlHandlerMapping - Mapped to ResourceHttpRequestHandler [classpath [META-INF/resources/webjars/]]
2025-07-16 15:02:22 DEBUG [http-nio-6201-exec-7] o.s.web.servlet.DispatcherServlet - Completed 200 OK
2025-07-16 15:02:22 DEBUG [http-nio-6201-exec-8] o.s.web.servlet.DispatcherServlet - GET "/v3/api-docs/swagger-config", parameters={}
2025-07-16 15:02:22 DEBUG [http-nio-6201-exec-8] o.s.w.s.m.m.a.RequestMappingHandlerMapping - Mapped to org.springdoc.webmvc.ui.SwaggerConfigResource#openapiJson(HttpServletRequest)
2025-07-16 15:02:22 DEBUG [http-nio-6201-exec-8] o.s.w.s.m.m.a.RequestResponseBodyMethodProcessor - Using 'application/json', given [*/*] and supported [application/json]
2025-07-16 15:02:22 DEBUG [http-nio-6201-exec-8] o.s.w.s.m.m.a.RequestResponseBodyMethodProcessor - Writing [{configUrl=/v3/api-docs/swagger-config, oauth2RedirectUrl=http://localhost:6201/swagger-ui/oauth2-re (truncated)...]
2025-07-16 15:02:22 DEBUG [http-nio-6201-exec-8] o.s.web.servlet.DispatcherServlet - Completed 200 OK
2025-07-16 15:02:22 DEBUG [http-nio-6201-exec-9] o.s.web.servlet.DispatcherServlet - GET "/v3/api-docs", parameters={}
2025-07-16 15:02:22 DEBUG [http-nio-6201-exec-9] o.s.w.s.m.m.a.RequestMappingHandlerMapping - Mapped to org.springdoc.webmvc.api.OpenApiWebMvcResource#openapiJson(HttpServletRequest, String, Locale)
2025-07-16 15:02:23 INFO  [http-nio-6201-exec-9] o.s.api.AbstractOpenApiResource - Init duration for springdoc-openapi is: 216 ms
2025-07-16 15:02:23 DEBUG [http-nio-6201-exec-9] o.s.w.s.m.m.a.RequestResponseBodyMethodProcessor - Using 'application/json', given [application/json, */*] and supported [application/json]
2025-07-16 15:02:23 DEBUG [http-nio-6201-exec-9] o.s.w.s.m.m.a.RequestResponseBodyMethodProcessor - Writing [{123, 34, 111, 112, 101, 110, 97, 112, 105, 34, 58, 34, 51, 46, 49, 46, 48, 34, 44, 34, 105, 110, 10 (truncated)...]
2025-07-16 15:02:23 DEBUG [http-nio-6201-exec-9] o.s.web.servlet.DispatcherServlet - Completed 200 OK
2025-07-16 15:04:38 DEBUG [http-nio-6201-exec-6] o.s.web.servlet.DispatcherServlet - POST "/auth/login", parameters={}
2025-07-16 15:04:38 DEBUG [http-nio-6201-exec-6] o.s.w.s.m.m.a.RequestMappingHandlerMapping - Mapped to smart.lending.rest.controller.AuthController#login(RequestWrapper)
2025-07-16 15:04:38 DEBUG [http-nio-6201-exec-6] o.s.w.s.m.m.a.RequestResponseBodyMethodProcessor - Read "application/json;charset=UTF-8" to [smart.lending.rest.payload.RequestWrapper@32150b7]
2025-07-16 15:04:38 DEBUG [http-nio-6201-exec-6] o.s.w.s.m.m.a.HttpEntityMethodProcessor - Using 'application/json', given [*/*] and supported [application/json, application/*+json, application/yaml]
2025-07-16 15:04:38 DEBUG [http-nio-6201-exec-6] o.s.w.s.m.m.a.HttpEntityMethodProcessor - Writing [smart.lending.rest.payload.ResponseWrapper@25aa47b1]
2025-07-16 15:04:38 DEBUG [http-nio-6201-exec-6] o.s.web.servlet.DispatcherServlet - Completed 200 OK
2025-07-16 15:06:41 DEBUG [http-nio-6201-exec-2] o.s.web.servlet.DispatcherServlet - POST "/auth/login", parameters={}
2025-07-16 15:06:41 DEBUG [http-nio-6201-exec-2] o.s.w.s.m.m.a.RequestMappingHandlerMapping - Mapped to smart.lending.rest.controller.AuthController#login(RequestWrapper)
2025-07-16 15:06:41 DEBUG [http-nio-6201-exec-2] o.s.w.s.m.m.a.RequestResponseBodyMethodProcessor - Read "application/json;charset=UTF-8" to [smart.lending.rest.payload.RequestWrapper@4e69d403]
2025-07-16 15:06:41 DEBUG [http-nio-6201-exec-2] o.s.w.s.m.m.a.HttpEntityMethodProcessor - Using 'application/json', given [*/*] and supported [application/json, application/*+json, application/yaml]
2025-07-16 15:06:41 DEBUG [http-nio-6201-exec-2] o.s.w.s.m.m.a.HttpEntityMethodProcessor - Writing [smart.lending.rest.payload.ResponseWrapper@28772750]
2025-07-16 15:06:41 DEBUG [http-nio-6201-exec-2] o.s.web.servlet.DispatcherServlet - Completed 200 OK
2025-07-16 15:06:45 DEBUG [http-nio-6201-exec-3] o.s.web.servlet.DispatcherServlet - POST "/auth/login", parameters={}
2025-07-16 15:06:45 DEBUG [http-nio-6201-exec-3] o.s.w.s.m.m.a.RequestMappingHandlerMapping - Mapped to smart.lending.rest.controller.AuthController#login(RequestWrapper)
2025-07-16 15:06:45 DEBUG [http-nio-6201-exec-3] o.s.w.s.m.m.a.RequestResponseBodyMethodProcessor - Read "application/json;charset=UTF-8" to [smart.lending.rest.payload.RequestWrapper@55212f1d]
2025-07-16 15:06:45 DEBUG [http-nio-6201-exec-3] o.s.w.s.m.m.a.HttpEntityMethodProcessor - Using 'application/json', given [*/*] and supported [application/json, application/*+json, application/yaml]
2025-07-16 15:06:45 DEBUG [http-nio-6201-exec-3] o.s.w.s.m.m.a.HttpEntityMethodProcessor - Writing [smart.lending.rest.payload.ResponseWrapper@177e58e2]
2025-07-16 15:06:45 DEBUG [http-nio-6201-exec-3] o.s.web.servlet.DispatcherServlet - Completed 200 OK
2025-07-16 15:09:11 DEBUG [http-nio-6201-exec-6] o.s.web.servlet.DispatcherServlet - POST "/process/demo-onboarding/acquisition", parameters={}
2025-07-16 15:09:11 DEBUG [http-nio-6201-exec-6] o.s.w.s.m.m.a.RequestMappingHandlerMapping - Mapped to smart.lending.rest.controller.DemoOnboardingController#acquisition(RequestWrapper)
2025-07-16 15:09:11 DEBUG [http-nio-6201-exec-6] o.s.w.s.m.m.a.RequestResponseBodyMethodProcessor - Read "application/json;charset=UTF-8" to [smart.lending.rest.payload.RequestWrapper@463c71b9]
2025-07-16 15:09:11 DEBUG [http-nio-6201-exec-6] o.s.w.s.m.m.a.RequestResponseBodyMethodProcessor - Using 'text/plain', given [*/*] and supported [text/plain, */*, application/json, application/*+json, application/yaml]
2025-07-16 15:09:11 DEBUG [http-nio-6201-exec-6] o.s.w.s.m.m.a.RequestResponseBodyMethodProcessor - Writing ["25001"]
2025-07-16 15:09:11 DEBUG [http-nio-6201-exec-6] o.s.web.servlet.DispatcherServlet - Completed 200 OK
2025-07-16 15:10:24 INFO  [SpringApplicationShutdownHook] o.s.b.w.e.tomcat.GracefulShutdown - Commencing graceful shutdown. Waiting for active requests to complete
2025-07-16 15:10:24 INFO  [tomcat-shutdown] o.s.b.w.e.tomcat.GracefulShutdown - Graceful shutdown complete
2025-07-16 15:10:24 INFO  [SpringApplicationShutdownHook] o.f.j.s.i.a.AbstractAsyncExecutor - Shutting down the async job executor [org.flowable.job.service.impl.asyncexecutor.DefaultAsyncJobExecutor] for engine bpmn
2025-07-16 15:10:24 INFO  [flowable-bpmn-reset-expired-jobs] o.f.j.s.i.a.ResetExpiredJobsRunnable - stopped resetting expired jobs for engine bpmn
2025-07-16 15:10:24 INFO  [flowable-bpmn-acquire-timer-jobs] o.f.j.s.i.a.AcquireTimerJobsRunnable - stopped async job due acquisition for engine bpmn
2025-07-16 15:10:24 INFO  [flowable-bpmn-acquire-async-jobs] o.f.j.s.i.a.AcquireAsyncJobsDueRunnable - stopped async job due acquisition for engine bpmn
2025-07-16 15:10:24 INFO  [SpringApplicationShutdownHook] com.zaxxer.hikari.HikariDataSource - HikariPool-2 - Shutdown initiated...
2025-07-16 15:10:24 INFO  [SpringApplicationShutdownHook] com.zaxxer.hikari.HikariDataSource - HikariPool-2 - Shutdown completed.
2025-07-16 15:10:24 INFO  [SpringApplicationShutdownHook] o.s.o.j.LocalContainerEntityManagerFactoryBean - Closing JPA EntityManagerFactory for persistence unit 'platform'
2025-07-16 15:10:24 INFO  [SpringApplicationShutdownHook] com.zaxxer.hikari.HikariDataSource - HikariPool-1 - Shutdown initiated...
2025-07-16 15:10:24 INFO  [SpringApplicationShutdownHook] com.zaxxer.hikari.HikariDataSource - HikariPool-1 - Shutdown completed.
2025-07-16 15:19:35 INFO  [restartedMain] s.l.rest.app.SmartLendingRestApp - Starting SmartLendingRestApp using Java 21.0.6 with PID 85247 (/home/kitaro/dev-area/a2z-smart-lending-platform/backend/smart-lending-be/modules/smart-lending-api/smart-lending-rest-app/target/classes started by kitaro in /home/kitaro/dev-area/a2z-smart-lending-platform)
2025-07-16 15:19:35 INFO  [restartedMain] s.l.rest.app.SmartLendingRestApp - The following 1 profile is active: "uat"
2025-07-16 15:19:35 INFO  [restartedMain] o.s.b.d.e.DevToolsPropertyDefaultsPostProcessor - Devtools property defaults active! Set 'spring.devtools.add-properties' to 'false' to disable
2025-07-16 15:19:35 INFO  [restartedMain] o.s.b.d.e.DevToolsPropertyDefaultsPostProcessor - For additional web related logging consider setting the 'logging.level.web' property to 'DEBUG'
2025-07-16 15:19:36 INFO  [restartedMain] o.s.d.r.c.RepositoryConfigurationDelegate - Bootstrapping Spring Data JPA repositories in DEFAULT mode.
2025-07-16 15:19:36 INFO  [restartedMain] o.s.d.r.c.RepositoryConfigurationDelegate - Finished Spring Data repository scanning in 44 ms. Found 3 JPA repository interfaces.
2025-07-16 15:19:37 INFO  [restartedMain] o.s.b.w.e.tomcat.TomcatWebServer - Tomcat initialized with port 6201 (http)
2025-07-16 15:19:37 INFO  [restartedMain] o.a.catalina.core.StandardService - Starting service [Tomcat]
2025-07-16 15:19:37 INFO  [restartedMain] o.a.catalina.core.StandardEngine - Starting Servlet engine: [Apache Tomcat/10.1.40]
2025-07-16 15:19:37 INFO  [restartedMain] o.a.c.c.C.[Tomcat].[localhost].[/] - Initializing Spring embedded WebApplicationContext
2025-07-16 15:19:37 INFO  [restartedMain] o.s.b.w.s.c.ServletWebServerApplicationContext - Root WebApplicationContext: initialization completed in 1747 ms
2025-07-16 15:19:37 INFO  [restartedMain] s.l.domain.config.PlatformDbConfig - =========== Platform DataSource: HikariDataSource (null) ==========
2025-07-16 15:19:37 INFO  [restartedMain] o.h.jpa.internal.util.LogHelper - HHH000204: Processing PersistenceUnitInfo [name: platform]
2025-07-16 15:19:37 INFO  [restartedMain] org.hibernate.Version - HHH000412: Hibernate ORM core version 6.6.13.Final
2025-07-16 15:19:37 INFO  [restartedMain] o.h.c.i.RegionFactoryInitiator - HHH000026: Second-level cache disabled
2025-07-16 15:19:37 INFO  [restartedMain] o.s.o.j.p.SpringPersistenceUnitInfo - No LoadTimeWeaver setup: ignoring JPA class transformer
2025-07-16 15:19:37 INFO  [restartedMain] com.zaxxer.hikari.HikariDataSource - HikariPool-1 - Starting...
2025-07-16 15:19:37 INFO  [restartedMain] com.zaxxer.hikari.pool.HikariPool - HikariPool-1 - Added connection org.postgresql.jdbc.PgConnection@44ebd6fd
2025-07-16 15:19:37 INFO  [restartedMain] com.zaxxer.hikari.HikariDataSource - HikariPool-1 - Start completed.
2025-07-16 15:19:37 INFO  [restartedMain] o.hibernate.orm.connections.pooling - HHH10001005: Database info:
	Database JDBC URL [Connecting through datasource 'HikariDataSource (HikariPool-1)']
	Database driver: undefined/unknown
	Database version: 15.10
	Autocommit mode: undefined/unknown
	Isolation level: undefined/unknown
	Minimum pool size: undefined/unknown
	Maximum pool size: undefined/unknown
2025-07-16 15:19:38 INFO  [restartedMain] o.h.e.t.j.p.i.JtaPlatformInitiator - HHH000489: No JTA platform available (set 'hibernate.transaction.jta.platform' to enable JTA platform integration)
2025-07-16 15:19:38 INFO  [restartedMain] o.s.o.j.LocalContainerEntityManagerFactoryBean - Initialized JPA EntityManagerFactory for persistence unit 'platform'
2025-07-16 15:19:39 INFO  [restartedMain] o.s.d.j.r.query.QueryEnhancerFactory - Hibernate is in classpath; If applicable, HQL parser will be used.
2025-07-16 15:19:39 INFO  [restartedMain] s.l.domain.config.ProcessDbConfig - =========== Process DataSource: HikariDataSource (null) ==========
2025-07-16 15:19:39 INFO  [restartedMain] o.f.s.SpringProcessEngineConfiguration - Found 2 Engine Configurators in total:
2025-07-16 15:19:39 INFO  [restartedMain] o.f.s.SpringProcessEngineConfiguration - class org.flowable.eventregistry.spring.configurator.SpringEventRegistryConfigurator (priority:100000)
2025-07-16 15:19:39 INFO  [restartedMain] o.f.s.SpringProcessEngineConfiguration - class org.flowable.idm.engine.configurator.IdmEngineConfigurator (priority:150000)
2025-07-16 15:19:39 INFO  [restartedMain] o.f.s.SpringProcessEngineConfiguration - Executing beforeInit() of class org.flowable.eventregistry.spring.configurator.SpringEventRegistryConfigurator (priority:100000)
2025-07-16 15:19:39 INFO  [restartedMain] o.f.s.SpringProcessEngineConfiguration - Executing beforeInit() of class org.flowable.idm.engine.configurator.IdmEngineConfigurator (priority:150000)
2025-07-16 15:19:39 INFO  [restartedMain] com.zaxxer.hikari.HikariDataSource - HikariPool-2 - Starting...
2025-07-16 15:19:40 INFO  [restartedMain] com.zaxxer.hikari.pool.HikariPool - HikariPool-2 - Added connection org.postgresql.jdbc.PgConnection@53ed8871
2025-07-16 15:19:40 INFO  [restartedMain] com.zaxxer.hikari.HikariDataSource - HikariPool-2 - Start completed.
2025-07-16 15:19:41 INFO  [restartedMain] o.f.c.e.i.a.DefaultAsyncTaskExecutor - Creating thread pool queue of size 100
2025-07-16 15:19:41 INFO  [restartedMain] o.f.c.e.i.a.DefaultAsyncTaskExecutor - Creating thread factory with naming pattern flowable-async-task-invoker-thread-%d
2025-07-16 15:19:41 INFO  [restartedMain] o.f.c.e.i.a.DefaultAsyncTaskExecutor - Creating executor service with corePoolSize 8, maxPoolSize 8 and keepAliveTime 5000
2025-07-16 15:19:41 INFO  [restartedMain] o.f.c.e.i.a.DefaultAsyncTaskExecutor - Using rejectedExecutionHandler java.util.concurrent.ThreadPoolExecutor$CallerRunsPolicy@4c7ba6e7
2025-07-16 15:19:41 INFO  [restartedMain] o.f.c.e.i.a.DefaultAsyncTaskExecutor - Creating thread pool queue of size 2048
2025-07-16 15:19:41 INFO  [restartedMain] o.f.c.e.i.a.DefaultAsyncTaskExecutor - Creating thread factory with naming pattern flowable-async-job-executor-thread-%d
2025-07-16 15:19:41 INFO  [restartedMain] o.f.c.e.i.a.DefaultAsyncTaskExecutor - Creating executor service with corePoolSize 8, maxPoolSize 8 and keepAliveTime 5000
2025-07-16 15:19:41 INFO  [restartedMain] o.f.s.SpringProcessEngineConfiguration - Executing configure() of class org.flowable.eventregistry.spring.configurator.SpringEventRegistryConfigurator (priority:100000)
2025-07-16 15:19:41 INFO  [restartedMain] liquibase.database - Set default schema name to public
2025-07-16 15:19:41 INFO  [restartedMain] liquibase.changelog - Reading from public.flw_ev_databasechangelog
2025-07-16 15:19:42 INFO  [restartedMain] liquibase.command - Command execution complete
2025-07-16 15:19:42 INFO  [restartedMain] o.f.e.impl.EventRegistryEngineImpl - EventRegistryEngine default created
2025-07-16 15:19:42 INFO  [restartedMain] o.f.s.SpringProcessEngineConfiguration - Executing configure() of class org.flowable.idm.engine.configurator.IdmEngineConfigurator (priority:150000)
2025-07-16 15:19:42 INFO  [restartedMain] o.f.idm.engine.impl.IdmEngineImpl - IdmEngine default created
2025-07-16 15:19:42 INFO  [restartedMain] o.f.engine.impl.ProcessEngineImpl - ProcessEngine default created
2025-07-16 15:19:42 INFO  [restartedMain] o.f.e.impl.cmd.ValidateV5EntitiesCmd - Total of v5 deployments found: 0
2025-07-16 15:19:42 WARN  [restartedMain] o.s.b.a.s.s.UserDetailsServiceAutoConfiguration - 

Using generated security password: ef4fd9ef-35c0-4096-b554-495895253a22

This generated password is for development use only. Your security configuration must be updated before running your application in production.

2025-07-16 15:19:42 INFO  [restartedMain] o.s.s.c.a.a.c.InitializeUserDetailsBeanManagerConfigurer$InitializeUserDetailsManagerConfigurer - Global AuthenticationManager configured with UserDetailsService bean with name inMemoryUserDetailsManager
2025-07-16 15:19:42 DEBUG [restartedMain] o.s.w.s.m.m.a.RequestMappingHandlerMapping - 11 mappings in 'requestMappingHandlerMapping'
2025-07-16 15:19:42 DEBUG [restartedMain] o.s.w.s.h.SimpleUrlHandlerMapping - Patterns [/webjars/**, /**, /swagger-ui*/*swagger-initializer.js, /swagger-ui*/**] in 'resourceHandlerMapping'
2025-07-16 15:19:43 INFO  [restartedMain] o.s.v.b.OptionalValidatorFactoryBean - Failed to set up a Bean Validation provider: jakarta.validation.NoProviderFoundException: Unable to create a Configuration, because no Jakarta Bean Validation provider could be found. Add a provider like Hibernate Validator (RI) to your classpath.
2025-07-16 15:19:43 DEBUG [restartedMain] o.s.w.s.m.m.a.RequestMappingHandlerAdapter - ControllerAdvice beans: 0 @ModelAttribute, 0 @InitBinder, 1 RequestBodyAdvice, 1 ResponseBodyAdvice
2025-07-16 15:19:43 DEBUG [restartedMain] o.s.w.s.m.m.a.ExceptionHandlerExceptionResolver - ControllerAdvice beans: 1 @ExceptionHandler, 1 ResponseBodyAdvice
2025-07-16 15:19:43 INFO  [restartedMain] o.s.b.d.a.OptionalLiveReloadServer - LiveReload server is running on port 35729
2025-07-16 15:19:43 INFO  [restartedMain] o.f.j.s.i.a.AbstractAsyncExecutor - Starting up the async job executor [org.flowable.job.service.impl.asyncexecutor.DefaultAsyncJobExecutor] for engine bpmn
2025-07-16 15:19:43 INFO  [Thread-7] o.f.j.s.i.a.AcquireAsyncJobsDueRunnable - starting to acquire async jobs due for engine bpmn
2025-07-16 15:19:43 INFO  [Thread-8] o.f.j.s.i.a.AcquireTimerJobsRunnable - starting to acquire async jobs due for engine bpmn
2025-07-16 15:19:43 INFO  [Thread-9] o.f.j.s.i.a.ResetExpiredJobsRunnable - starting to reset expired jobs for engine bpmn
2025-07-16 15:19:43 INFO  [restartedMain] o.s.b.w.e.tomcat.TomcatWebServer - Tomcat started on port 6201 (http) with context path '/'
2025-07-16 15:19:43 INFO  [restartedMain] s.l.rest.app.SmartLendingRestApp - Started SmartLendingRestApp in 8.702 seconds (process running for 9.408)
2025-07-16 15:19:55 INFO  [http-nio-6201-exec-1] o.a.c.c.C.[Tomcat].[localhost].[/] - Initializing Spring DispatcherServlet 'dispatcherServlet'
2025-07-16 15:19:55 INFO  [http-nio-6201-exec-1] o.s.web.servlet.DispatcherServlet - Initializing Servlet 'dispatcherServlet'
2025-07-16 15:19:55 DEBUG [http-nio-6201-exec-1] o.s.web.servlet.DispatcherServlet - Detected StandardServletMultipartResolver
2025-07-16 15:19:55 DEBUG [http-nio-6201-exec-1] o.s.web.servlet.DispatcherServlet - Detected AcceptHeaderLocaleResolver
2025-07-16 15:19:55 DEBUG [http-nio-6201-exec-1] o.s.web.servlet.DispatcherServlet - Detected FixedThemeResolver
2025-07-16 15:19:55 DEBUG [http-nio-6201-exec-1] o.s.web.servlet.DispatcherServlet - Detected org.springframework.web.servlet.view.DefaultRequestToViewNameTranslator@5659f4b1
2025-07-16 15:19:55 DEBUG [http-nio-6201-exec-1] o.s.web.servlet.DispatcherServlet - Detected org.springframework.web.servlet.support.SessionFlashMapManager@75c8d938
2025-07-16 15:19:55 DEBUG [http-nio-6201-exec-1] o.s.web.servlet.DispatcherServlet - enableLoggingRequestDetails='false': request parameters and headers will be masked to prevent unsafe logging of potentially sensitive data
2025-07-16 15:19:55 INFO  [http-nio-6201-exec-1] o.s.web.servlet.DispatcherServlet - Completed initialization in 3 ms
2025-07-16 15:19:56 DEBUG [http-nio-6201-exec-1] o.s.web.servlet.DispatcherServlet - POST "/process/demo-onboarding/acquisition", parameters={}
2025-07-16 15:19:56 DEBUG [http-nio-6201-exec-1] o.s.w.s.m.m.a.RequestMappingHandlerMapping - Mapped to smart.lending.rest.controller.DemoOnboardingController#acquisition(RequestWrapper)
2025-07-16 15:19:56 DEBUG [http-nio-6201-exec-1] o.s.w.s.m.m.a.RequestResponseBodyMethodProcessor - Read "application/json;charset=UTF-8" to [smart.lending.rest.payload.RequestWrapper@5b335aba]
2025-07-16 15:19:56 INFO  [http-nio-6201-exec-1] s.l.d.process.DemoOnboardServiceTask - DemoOnboardServiceTask checkDedupe
2025-07-16 15:19:56 INFO  [http-nio-6201-exec-1] s.l.d.process.DemoOnboardServiceTask - DemoOnboardServiceTask checkDedupe
2025-07-16 15:19:56 DEBUG [http-nio-6201-exec-1] o.s.web.servlet.DispatcherServlet - Failed to complete request: org.flowable.common.engine.api.FlowableException: Unknown method used in expression: ${demoOnboardServiceTask.getApproval(creditScore)}
2025-07-16 15:19:56 ERROR [http-nio-6201-exec-1] o.a.c.c.C.[.[.[.[dispatcherServlet] - Servlet.service() for servlet [dispatcherServlet] in context with path [] threw exception [Request processing failed: org.flowable.common.engine.api.FlowableException: Unknown method used in expression: ${demoOnboardServiceTask.getApproval(creditScore)}] with root cause
org.flowable.common.engine.impl.javax.el.MethodNotFoundException: Method not found: class smart.lending.domain.process.DemoOnboardServiceTask.getApproval(java.lang.Boolean)
	at org.flowable.common.engine.impl.javax.el.Util.findWrapper(Util.java:228)
	at org.flowable.common.engine.impl.javax.el.Util.findMethod(Util.java:71)
	at org.flowable.common.engine.impl.javax.el.BeanELResolver.invoke(BeanELResolver.java:469)
	at org.flowable.common.engine.impl.javax.el.CompositeELResolver.invoke(CompositeELResolver.java:408)
	at org.flowable.common.engine.impl.de.odysseus.el.tree.impl.ast.AstMethod.eval(AstMethod.java:98)
	at org.flowable.common.engine.impl.de.odysseus.el.tree.impl.ast.AstMethod.eval(AstMethod.java:107)
	at org.flowable.common.engine.impl.de.odysseus.el.tree.impl.ast.AstEval.eval(AstEval.java:53)
	at org.flowable.common.engine.impl.de.odysseus.el.tree.impl.ast.AstNode.getValue(AstNode.java:31)
	at org.flowable.common.engine.impl.de.odysseus.el.TreeValueExpression.getValue(TreeValueExpression.java:122)
	at org.flowable.engine.impl.delegate.invocation.ExpressionGetInvocation.invoke(ExpressionGetInvocation.java:34)
	at org.flowable.engine.impl.delegate.invocation.DelegateInvocation.proceed(DelegateInvocation.java:32)
	at org.flowable.engine.impl.delegate.invocation.DefaultDelegateInterceptor.handleInvocation(DefaultDelegateInterceptor.java:26)
	at org.flowable.engine.impl.el.JuelExpression.resolveGetValueExpression(JuelExpression.java:44)
	at org.flowable.common.engine.impl.el.JuelExpression.getValue(JuelExpression.java:52)
	at org.flowable.engine.impl.bpmn.behavior.ServiceTaskExpressionActivityBehavior.execute(ServiceTaskExpressionActivityBehavior.java:93)
	at org.flowable.engine.impl.agenda.ContinueProcessOperation.executeActivityBehavior(ContinueProcessOperation.java:298)
	at org.flowable.engine.impl.agenda.ContinueProcessOperation.executeSynchronous(ContinueProcessOperation.java:175)
	at org.flowable.engine.impl.agenda.ContinueProcessOperation.continueThroughFlowNode(ContinueProcessOperation.java:125)
	at org.flowable.engine.impl.agenda.ContinueProcessOperation.run(ContinueProcessOperation.java:88)
	at org.flowable.common.engine.impl.AbstractEngineConfiguration.lambda$new$0(AbstractEngineConfiguration.java:195)
	at org.flowable.engine.impl.interceptor.CommandInvoker.executeOperation(CommandInvoker.java:130)
	at org.flowable.engine.impl.interceptor.CommandInvoker.executeOperations(CommandInvoker.java:114)
	at org.flowable.engine.impl.interceptor.CommandInvoker.execute(CommandInvoker.java:72)
	at org.flowable.engine.impl.interceptor.BpmnOverrideContextInterceptor.execute(BpmnOverrideContextInterceptor.java:26)
	at org.flowable.common.engine.impl.interceptor.TransactionContextInterceptor.execute(TransactionContextInterceptor.java:53)
	at org.flowable.common.engine.impl.interceptor.CommandContextInterceptor.execute(CommandContextInterceptor.java:105)
	at org.flowable.common.spring.SpringTransactionInterceptor.lambda$execute$0(SpringTransactionInterceptor.java:57)
	at org.springframework.transaction.support.TransactionTemplate.execute(TransactionTemplate.java:140)
	at org.flowable.common.spring.SpringTransactionInterceptor.execute(SpringTransactionInterceptor.java:57)
	at org.flowable.common.engine.impl.interceptor.LogInterceptor.execute(LogInterceptor.java:30)
	at org.flowable.common.engine.impl.cfg.CommandExecutorImpl.execute(CommandExecutorImpl.java:56)
	at org.flowable.common.engine.impl.cfg.CommandExecutorImpl.execute(CommandExecutorImpl.java:51)
	at org.flowable.engine.impl.TaskServiceImpl.complete(TaskServiceImpl.java:223)
	at smart.lending.rest.controller.DemoOnboardingController.acquisition(DemoOnboardingController.java:39)
	at java.base/jdk.internal.reflect.DirectMethodHandleAccessor.invoke(DirectMethodHandleAccessor.java:103)
	at java.base/java.lang.reflect.Method.invoke(Method.java:580)
	at org.springframework.web.method.support.InvocableHandlerMethod.doInvoke(InvocableHandlerMethod.java:258)
	at org.springframework.web.method.support.InvocableHandlerMethod.invokeForRequest(InvocableHandlerMethod.java:191)
	at org.springframework.web.servlet.mvc.method.annotation.ServletInvocableHandlerMethod.invokeAndHandle(ServletInvocableHandlerMethod.java:118)
	at org.springframework.web.servlet.mvc.method.annotation.RequestMappingHandlerAdapter.invokeHandlerMethod(RequestMappingHandlerAdapter.java:986)
	at org.springframework.web.servlet.mvc.method.annotation.RequestMappingHandlerAdapter.handleInternal(RequestMappingHandlerAdapter.java:891)
	at org.springframework.web.servlet.mvc.method.AbstractHandlerMethodAdapter.handle(AbstractHandlerMethodAdapter.java:87)
	at org.springframework.web.servlet.DispatcherServlet.doDispatch(DispatcherServlet.java:1089)
	at org.springframework.web.servlet.DispatcherServlet.doService(DispatcherServlet.java:979)
	at org.springframework.web.servlet.FrameworkServlet.processRequest(FrameworkServlet.java:1014)
	at org.springframework.web.servlet.FrameworkServlet.doPost(FrameworkServlet.java:914)
	at jakarta.servlet.http.HttpServlet.service(HttpServlet.java:590)
	at org.springframework.web.servlet.FrameworkServlet.service(FrameworkServlet.java:885)
	at jakarta.servlet.http.HttpServlet.service(HttpServlet.java:658)
	at org.apache.catalina.core.ApplicationFilterChain.internalDoFilter(ApplicationFilterChain.java:195)
	at org.apache.catalina.core.ApplicationFilterChain.doFilter(ApplicationFilterChain.java:140)
	at org.apache.tomcat.websocket.server.WsFilter.doFilter(WsFilter.java:51)
	at org.apache.catalina.core.ApplicationFilterChain.internalDoFilter(ApplicationFilterChain.java:164)
	at org.apache.catalina.core.ApplicationFilterChain.doFilter(ApplicationFilterChain.java:140)
	at org.springframework.web.filter.OncePerRequestFilter.doFilter(OncePerRequestFilter.java:110)
	at org.apache.catalina.core.ApplicationFilterChain.internalDoFilter(ApplicationFilterChain.java:164)
	at org.apache.catalina.core.ApplicationFilterChain.doFilter(ApplicationFilterChain.java:140)
	at org.springframework.web.filter.CompositeFilter$VirtualFilterChain.doFilter(CompositeFilter.java:108)
	at org.springframework.security.web.FilterChainProxy.lambda$doFilterInternal$3(FilterChainProxy.java:231)
	at org.springframework.security.web.FilterChainProxy$VirtualFilterChain.doFilter(FilterChainProxy.java:365)
	at org.springframework.security.web.access.intercept.AuthorizationFilter.doFilter(AuthorizationFilter.java:101)
	at org.springframework.security.web.FilterChainProxy$VirtualFilterChain.doFilter(FilterChainProxy.java:374)
	at org.springframework.security.web.access.ExceptionTranslationFilter.doFilter(ExceptionTranslationFilter.java:126)
	at org.springframework.security.web.access.ExceptionTranslationFilter.doFilter(ExceptionTranslationFilter.java:120)
	at org.springframework.security.web.FilterChainProxy$VirtualFilterChain.doFilter(FilterChainProxy.java:374)
	at org.springframework.security.web.authentication.AnonymousAuthenticationFilter.doFilter(AnonymousAuthenticationFilter.java:100)
	at org.springframework.security.web.FilterChainProxy$VirtualFilterChain.doFilter(FilterChainProxy.java:374)
	at org.springframework.security.web.servletapi.SecurityContextHolderAwareRequestFilter.doFilter(SecurityContextHolderAwareRequestFilter.java:179)
	at org.springframework.security.web.FilterChainProxy$VirtualFilterChain.doFilter(FilterChainProxy.java:374)
	at org.springframework.security.web.savedrequest.RequestCacheAwareFilter.doFilter(RequestCacheAwareFilter.java:63)
	at org.springframework.security.web.FilterChainProxy$VirtualFilterChain.doFilter(FilterChainProxy.java:374)
	at smart.lending.rest.security.JwtFilter.doFilterInternal(JwtFilter.java:59)
	at org.springframework.web.filter.OncePerRequestFilter.doFilter(OncePerRequestFilter.java:116)
	at org.springframework.security.web.FilterChainProxy$VirtualFilterChain.doFilter(FilterChainProxy.java:374)
	at org.springframework.security.web.authentication.logout.LogoutFilter.doFilter(LogoutFilter.java:107)
	at org.springframework.security.web.authentication.logout.LogoutFilter.doFilter(LogoutFilter.java:93)
	at org.springframework.security.web.FilterChainProxy$VirtualFilterChain.doFilter(FilterChainProxy.java:374)
	at org.springframework.web.filter.CorsFilter.doFilterInternal(CorsFilter.java:91)
	at org.springframework.web.filter.OncePerRequestFilter.doFilter(OncePerRequestFilter.java:116)
	at org.springframework.security.web.FilterChainProxy$VirtualFilterChain.doFilter(FilterChainProxy.java:374)
	at org.springframework.security.web.header.HeaderWriterFilter.doHeadersAfter(HeaderWriterFilter.java:90)
	at org.springframework.security.web.header.HeaderWriterFilter.doFilterInternal(HeaderWriterFilter.java:75)
	at org.springframework.web.filter.OncePerRequestFilter.doFilter(OncePerRequestFilter.java:116)
	at org.springframework.security.web.FilterChainProxy$VirtualFilterChain.doFilter(FilterChainProxy.java:374)
	at org.springframework.security.web.context.SecurityContextHolderFilter.doFilter(SecurityContextHolderFilter.java:82)
	at org.springframework.security.web.context.SecurityContextHolderFilter.doFilter(SecurityContextHolderFilter.java:69)
	at org.springframework.security.web.FilterChainProxy$VirtualFilterChain.doFilter(FilterChainProxy.java:374)
	at org.springframework.security.web.context.request.async.WebAsyncManagerIntegrationFilter.doFilterInternal(WebAsyncManagerIntegrationFilter.java:62)
	at org.springframework.web.filter.OncePerRequestFilter.doFilter(OncePerRequestFilter.java:116)
	at org.springframework.security.web.FilterChainProxy$VirtualFilterChain.doFilter(FilterChainProxy.java:374)
	at org.springframework.security.web.session.DisableEncodeUrlFilter.doFilterInternal(DisableEncodeUrlFilter.java:42)
	at org.springframework.web.filter.OncePerRequestFilter.doFilter(OncePerRequestFilter.java:116)
	at org.springframework.security.web.FilterChainProxy$VirtualFilterChain.doFilter(FilterChainProxy.java:374)
	at org.springframework.security.web.FilterChainProxy.doFilterInternal(FilterChainProxy.java:233)
	at org.springframework.security.web.FilterChainProxy.doFilter(FilterChainProxy.java:191)
	at org.springframework.web.filter.CompositeFilter$VirtualFilterChain.doFilter(CompositeFilter.java:113)
	at org.springframework.web.servlet.handler.HandlerMappingIntrospector.lambda$createCacheFilter$3(HandlerMappingIntrospector.java:243)
	at org.springframework.web.filter.CompositeFilter$VirtualFilterChain.doFilter(CompositeFilter.java:113)
	at org.springframework.web.filter.CompositeFilter.doFilter(CompositeFilter.java:74)
	at org.springframework.security.config.annotation.web.configuration.WebMvcSecurityConfiguration$CompositeFilterChainProxy.doFilter(WebMvcSecurityConfiguration.java:238)
	at org.springframework.web.filter.DelegatingFilterProxy.invokeDelegate(DelegatingFilterProxy.java:362)
	at org.springframework.web.filter.DelegatingFilterProxy.doFilter(DelegatingFilterProxy.java:278)
	at org.apache.catalina.core.ApplicationFilterChain.internalDoFilter(ApplicationFilterChain.java:164)
	at org.apache.catalina.core.ApplicationFilterChain.doFilter(ApplicationFilterChain.java:140)
	at org.springframework.web.filter.RequestContextFilter.doFilterInternal(RequestContextFilter.java:100)
	at org.springframework.web.filter.OncePerRequestFilter.doFilter(OncePerRequestFilter.java:116)
	at org.apache.catalina.core.ApplicationFilterChain.internalDoFilter(ApplicationFilterChain.java:164)
	at org.apache.catalina.core.ApplicationFilterChain.doFilter(ApplicationFilterChain.java:140)
	at org.springframework.web.filter.FormContentFilter.doFilterInternal(FormContentFilter.java:93)
	at org.springframework.web.filter.OncePerRequestFilter.doFilter(OncePerRequestFilter.java:116)
	at org.apache.catalina.core.ApplicationFilterChain.internalDoFilter(ApplicationFilterChain.java:164)
	at org.apache.catalina.core.ApplicationFilterChain.doFilter(ApplicationFilterChain.java:140)
	at org.springframework.web.filter.CharacterEncodingFilter.doFilterInternal(CharacterEncodingFilter.java:201)
	at org.springframework.web.filter.OncePerRequestFilter.doFilter(OncePerRequestFilter.java:116)
	at org.apache.catalina.core.ApplicationFilterChain.internalDoFilter(ApplicationFilterChain.java:164)
	at org.apache.catalina.core.ApplicationFilterChain.doFilter(ApplicationFilterChain.java:140)
	at org.apache.catalina.core.StandardWrapperValve.invoke(StandardWrapperValve.java:167)
	at org.apache.catalina.core.StandardContextValve.invoke(StandardContextValve.java:90)
	at org.apache.catalina.authenticator.AuthenticatorBase.invoke(AuthenticatorBase.java:483)
	at org.apache.catalina.core.StandardHostValve.invoke(StandardHostValve.java:116)
	at org.apache.catalina.valves.ErrorReportValve.invoke(ErrorReportValve.java:93)
	at org.apache.catalina.core.StandardEngineValve.invoke(StandardEngineValve.java:74)
	at org.apache.catalina.connector.CoyoteAdapter.service(CoyoteAdapter.java:344)
	at org.apache.coyote.http11.Http11Processor.service(Http11Processor.java:398)
	at org.apache.coyote.AbstractProcessorLight.process(AbstractProcessorLight.java:63)
	at org.apache.coyote.AbstractProtocol$ConnectionHandler.process(AbstractProtocol.java:903)
	at org.apache.tomcat.util.net.NioEndpoint$SocketProcessor.doRun(NioEndpoint.java:1740)
	at org.apache.tomcat.util.net.SocketProcessorBase.run(SocketProcessorBase.java:52)
	at org.apache.tomcat.util.threads.ThreadPoolExecutor.runWorker(ThreadPoolExecutor.java:1189)
	at org.apache.tomcat.util.threads.ThreadPoolExecutor$Worker.run(ThreadPoolExecutor.java:658)
	at org.apache.tomcat.util.threads.TaskThread$WrappingRunnable.run(TaskThread.java:63)
	at java.base/java.lang.Thread.run(Thread.java:1583)
2025-07-16 15:37:54 INFO  [SpringApplicationShutdownHook] o.s.b.w.e.tomcat.GracefulShutdown - Commencing graceful shutdown. Waiting for active requests to complete
2025-07-16 15:37:54 INFO  [tomcat-shutdown] o.s.b.w.e.tomcat.GracefulShutdown - Graceful shutdown complete
2025-07-16 15:37:54 INFO  [SpringApplicationShutdownHook] o.f.j.s.i.a.AbstractAsyncExecutor - Shutting down the async job executor [org.flowable.job.service.impl.asyncexecutor.DefaultAsyncJobExecutor] for engine bpmn
2025-07-16 15:37:54 INFO  [flowable-bpmn-acquire-async-jobs] o.f.j.s.i.a.AcquireAsyncJobsDueRunnable - stopped async job due acquisition for engine bpmn
2025-07-16 15:37:54 INFO  [flowable-bpmn-acquire-timer-jobs] o.f.j.s.i.a.AcquireTimerJobsRunnable - stopped async job due acquisition for engine bpmn
2025-07-16 15:37:54 INFO  [flowable-bpmn-reset-expired-jobs] o.f.j.s.i.a.ResetExpiredJobsRunnable - stopped resetting expired jobs for engine bpmn
2025-07-16 15:37:54 INFO  [SpringApplicationShutdownHook] com.zaxxer.hikari.HikariDataSource - HikariPool-2 - Shutdown initiated...
2025-07-16 15:37:54 INFO  [SpringApplicationShutdownHook] com.zaxxer.hikari.HikariDataSource - HikariPool-2 - Shutdown completed.
2025-07-16 15:37:54 INFO  [SpringApplicationShutdownHook] o.s.o.j.LocalContainerEntityManagerFactoryBean - Closing JPA EntityManagerFactory for persistence unit 'platform'
2025-07-16 15:37:54 INFO  [SpringApplicationShutdownHook] com.zaxxer.hikari.HikariDataSource - HikariPool-1 - Shutdown initiated...
2025-07-16 15:37:54 INFO  [SpringApplicationShutdownHook] com.zaxxer.hikari.HikariDataSource - HikariPool-1 - Shutdown completed.
2025-07-16 15:41:07 INFO  [restartedMain] s.l.rest.app.SmartLendingRestApp - Starting SmartLendingRestApp using Java 21.0.6 with PID 25212 (/home/kitaro/dev-area/a2z-smart-lending-platform/backend/smart-lending-be/modules/smart-lending-api/smart-lending-rest-app/target/classes started by kitaro in /home/kitaro/dev-area/a2z-smart-lending-platform)
2025-07-16 15:41:07 INFO  [restartedMain] s.l.rest.app.SmartLendingRestApp - The following 1 profile is active: "uat"
2025-07-16 15:41:07 INFO  [restartedMain] o.s.b.d.e.DevToolsPropertyDefaultsPostProcessor - Devtools property defaults active! Set 'spring.devtools.add-properties' to 'false' to disable
2025-07-16 15:41:07 INFO  [restartedMain] o.s.b.d.e.DevToolsPropertyDefaultsPostProcessor - For additional web related logging consider setting the 'logging.level.web' property to 'DEBUG'
2025-07-16 15:41:07 INFO  [restartedMain] o.s.d.r.c.RepositoryConfigurationDelegate - Bootstrapping Spring Data JPA repositories in DEFAULT mode.
2025-07-16 15:41:08 INFO  [restartedMain] o.s.d.r.c.RepositoryConfigurationDelegate - Finished Spring Data repository scanning in 38 ms. Found 3 JPA repository interfaces.
2025-07-16 15:41:08 INFO  [restartedMain] o.s.b.w.e.tomcat.TomcatWebServer - Tomcat initialized with port 6201 (http)
2025-07-16 15:41:08 INFO  [restartedMain] o.a.catalina.core.StandardService - Starting service [Tomcat]
2025-07-16 15:41:08 INFO  [restartedMain] o.a.catalina.core.StandardEngine - Starting Servlet engine: [Apache Tomcat/10.1.40]
2025-07-16 15:41:08 INFO  [restartedMain] o.a.c.c.C.[Tomcat].[localhost].[/] - Initializing Spring embedded WebApplicationContext
2025-07-16 15:41:08 INFO  [restartedMain] o.s.b.w.s.c.ServletWebServerApplicationContext - Root WebApplicationContext: initialization completed in 1526 ms
2025-07-16 15:41:08 INFO  [restartedMain] s.l.domain.config.PlatformDbConfig - =========== Platform DataSource: HikariDataSource (null) ==========
2025-07-16 15:41:09 INFO  [restartedMain] o.h.jpa.internal.util.LogHelper - HHH000204: Processing PersistenceUnitInfo [name: platform]
2025-07-16 15:41:09 INFO  [restartedMain] org.hibernate.Version - HHH000412: Hibernate ORM core version 6.6.13.Final
2025-07-16 15:41:09 INFO  [restartedMain] o.h.c.i.RegionFactoryInitiator - HHH000026: Second-level cache disabled
2025-07-16 15:41:09 INFO  [restartedMain] o.s.o.j.p.SpringPersistenceUnitInfo - No LoadTimeWeaver setup: ignoring JPA class transformer
2025-07-16 15:41:09 INFO  [restartedMain] com.zaxxer.hikari.HikariDataSource - HikariPool-1 - Starting...
2025-07-16 15:41:09 INFO  [restartedMain] com.zaxxer.hikari.pool.HikariPool - HikariPool-1 - Added connection org.postgresql.jdbc.PgConnection@294f0574
2025-07-16 15:41:09 INFO  [restartedMain] com.zaxxer.hikari.HikariDataSource - HikariPool-1 - Start completed.
2025-07-16 15:41:09 INFO  [restartedMain] o.hibernate.orm.connections.pooling - HHH10001005: Database info:
	Database JDBC URL [Connecting through datasource 'HikariDataSource (HikariPool-1)']
	Database driver: undefined/unknown
	Database version: 15.10
	Autocommit mode: undefined/unknown
	Isolation level: undefined/unknown
	Minimum pool size: undefined/unknown
	Maximum pool size: undefined/unknown
2025-07-16 15:41:10 INFO  [restartedMain] o.h.e.t.j.p.i.JtaPlatformInitiator - HHH000489: No JTA platform available (set 'hibernate.transaction.jta.platform' to enable JTA platform integration)
2025-07-16 15:41:10 INFO  [restartedMain] o.s.o.j.LocalContainerEntityManagerFactoryBean - Initialized JPA EntityManagerFactory for persistence unit 'platform'
2025-07-16 15:41:10 INFO  [restartedMain] o.s.d.j.r.query.QueryEnhancerFactory - Hibernate is in classpath; If applicable, HQL parser will be used.
2025-07-16 15:41:11 INFO  [restartedMain] s.l.domain.config.ProcessDbConfig - =========== Process DataSource: HikariDataSource (null) ==========
2025-07-16 15:41:11 INFO  [restartedMain] o.f.s.SpringProcessEngineConfiguration - Found 2 Engine Configurators in total:
2025-07-16 15:41:11 INFO  [restartedMain] o.f.s.SpringProcessEngineConfiguration - class org.flowable.eventregistry.spring.configurator.SpringEventRegistryConfigurator (priority:100000)
2025-07-16 15:41:11 INFO  [restartedMain] o.f.s.SpringProcessEngineConfiguration - class org.flowable.idm.engine.configurator.IdmEngineConfigurator (priority:150000)
2025-07-16 15:41:11 INFO  [restartedMain] o.f.s.SpringProcessEngineConfiguration - Executing beforeInit() of class org.flowable.eventregistry.spring.configurator.SpringEventRegistryConfigurator (priority:100000)
2025-07-16 15:41:11 INFO  [restartedMain] o.f.s.SpringProcessEngineConfiguration - Executing beforeInit() of class org.flowable.idm.engine.configurator.IdmEngineConfigurator (priority:150000)
2025-07-16 15:41:11 INFO  [restartedMain] com.zaxxer.hikari.HikariDataSource - HikariPool-2 - Starting...
2025-07-16 15:41:11 INFO  [restartedMain] com.zaxxer.hikari.pool.HikariPool - HikariPool-2 - Added connection org.postgresql.jdbc.PgConnection@72be99e3
2025-07-16 15:41:11 INFO  [restartedMain] com.zaxxer.hikari.HikariDataSource - HikariPool-2 - Start completed.
2025-07-16 15:41:12 INFO  [restartedMain] o.f.c.e.i.a.DefaultAsyncTaskExecutor - Creating thread pool queue of size 100
2025-07-16 15:41:12 INFO  [restartedMain] o.f.c.e.i.a.DefaultAsyncTaskExecutor - Creating thread factory with naming pattern flowable-async-task-invoker-thread-%d
2025-07-16 15:41:12 INFO  [restartedMain] o.f.c.e.i.a.DefaultAsyncTaskExecutor - Creating executor service with corePoolSize 8, maxPoolSize 8 and keepAliveTime 5000
2025-07-16 15:41:12 INFO  [restartedMain] o.f.c.e.i.a.DefaultAsyncTaskExecutor - Using rejectedExecutionHandler java.util.concurrent.ThreadPoolExecutor$CallerRunsPolicy@3aaa33f5
2025-07-16 15:41:12 INFO  [restartedMain] o.f.c.e.i.a.DefaultAsyncTaskExecutor - Creating thread pool queue of size 2048
2025-07-16 15:41:12 INFO  [restartedMain] o.f.c.e.i.a.DefaultAsyncTaskExecutor - Creating thread factory with naming pattern flowable-async-job-executor-thread-%d
2025-07-16 15:41:12 INFO  [restartedMain] o.f.c.e.i.a.DefaultAsyncTaskExecutor - Creating executor service with corePoolSize 8, maxPoolSize 8 and keepAliveTime 5000
2025-07-16 15:41:12 INFO  [restartedMain] o.f.s.SpringProcessEngineConfiguration - Executing configure() of class org.flowable.eventregistry.spring.configurator.SpringEventRegistryConfigurator (priority:100000)
2025-07-16 15:41:12 INFO  [restartedMain] liquibase.database - Set default schema name to public
2025-07-16 15:41:13 INFO  [restartedMain] liquibase.changelog - Reading from public.flw_ev_databasechangelog
2025-07-16 15:41:13 INFO  [restartedMain] liquibase.command - Command execution complete
2025-07-16 15:41:13 INFO  [restartedMain] o.f.e.impl.EventRegistryEngineImpl - EventRegistryEngine default created
2025-07-16 15:41:13 INFO  [restartedMain] o.f.s.SpringProcessEngineConfiguration - Executing configure() of class org.flowable.idm.engine.configurator.IdmEngineConfigurator (priority:150000)
2025-07-16 15:41:13 INFO  [restartedMain] o.f.idm.engine.impl.IdmEngineImpl - IdmEngine default created
2025-07-16 15:41:13 INFO  [restartedMain] o.f.engine.impl.ProcessEngineImpl - ProcessEngine default created
2025-07-16 15:41:13 INFO  [restartedMain] o.f.e.impl.cmd.ValidateV5EntitiesCmd - Total of v5 deployments found: 0
2025-07-16 15:41:12 WARN  [restartedMain] o.s.b.a.s.s.UserDetailsServiceAutoConfiguration - 

Using generated security password: 93950961-650c-47e6-bd67-3f99af41cebe

This generated password is for development use only. Your security configuration must be updated before running your application in production.

2025-07-16 15:41:12 INFO  [restartedMain] o.s.s.c.a.a.c.InitializeUserDetailsBeanManagerConfigurer$InitializeUserDetailsManagerConfigurer - Global AuthenticationManager configured with UserDetailsService bean with name inMemoryUserDetailsManager
2025-07-16 15:41:13 DEBUG [restartedMain] o.s.w.s.m.m.a.RequestMappingHandlerMapping - 11 mappings in 'requestMappingHandlerMapping'
2025-07-16 15:41:13 DEBUG [restartedMain] o.s.w.s.h.SimpleUrlHandlerMapping - Patterns [/webjars/**, /**, /swagger-ui*/*swagger-initializer.js, /swagger-ui*/**] in 'resourceHandlerMapping'
2025-07-16 15:41:13 INFO  [restartedMain] o.s.v.b.OptionalValidatorFactoryBean - Failed to set up a Bean Validation provider: jakarta.validation.NoProviderFoundException: Unable to create a Configuration, because no Jakarta Bean Validation provider could be found. Add a provider like Hibernate Validator (RI) to your classpath.
2025-07-16 15:41:13 DEBUG [restartedMain] o.s.w.s.m.m.a.RequestMappingHandlerAdapter - ControllerAdvice beans: 0 @ModelAttribute, 0 @InitBinder, 1 RequestBodyAdvice, 1 ResponseBodyAdvice
2025-07-16 15:41:13 DEBUG [restartedMain] o.s.w.s.m.m.a.ExceptionHandlerExceptionResolver - ControllerAdvice beans: 1 @ExceptionHandler, 1 ResponseBodyAdvice
2025-07-16 15:41:13 INFO  [restartedMain] o.s.b.d.a.OptionalLiveReloadServer - LiveReload server is running on port 35729
2025-07-16 15:41:13 INFO  [restartedMain] o.f.j.s.i.a.AbstractAsyncExecutor - Starting up the async job executor [org.flowable.job.service.impl.asyncexecutor.DefaultAsyncJobExecutor] for engine bpmn
2025-07-16 15:41:13 INFO  [Thread-8] o.f.j.s.i.a.AcquireTimerJobsRunnable - starting to acquire async jobs due for engine bpmn
2025-07-16 15:41:13 INFO  [Thread-7] o.f.j.s.i.a.AcquireAsyncJobsDueRunnable - starting to acquire async jobs due for engine bpmn
2025-07-16 15:41:13 INFO  [Thread-9] o.f.j.s.i.a.ResetExpiredJobsRunnable - starting to reset expired jobs for engine bpmn
2025-07-16 15:41:13 INFO  [restartedMain] o.s.b.w.e.tomcat.TomcatWebServer - Tomcat started on port 6201 (http) with context path '/'
2025-07-16 15:41:13 INFO  [restartedMain] s.l.rest.app.SmartLendingRestApp - Started SmartLendingRestApp in 7.075 seconds (process running for 8.921)
2025-07-16 15:41:26 INFO  [http-nio-6201-exec-2] o.a.c.c.C.[Tomcat].[localhost].[/] - Initializing Spring DispatcherServlet 'dispatcherServlet'
2025-07-16 15:41:26 INFO  [http-nio-6201-exec-2] o.s.web.servlet.DispatcherServlet - Initializing Servlet 'dispatcherServlet'
2025-07-16 15:41:26 DEBUG [http-nio-6201-exec-2] o.s.web.servlet.DispatcherServlet - Detected StandardServletMultipartResolver
2025-07-16 15:41:26 DEBUG [http-nio-6201-exec-2] o.s.web.servlet.DispatcherServlet - Detected AcceptHeaderLocaleResolver
2025-07-16 15:41:26 DEBUG [http-nio-6201-exec-2] o.s.web.servlet.DispatcherServlet - Detected FixedThemeResolver
2025-07-16 15:41:26 DEBUG [http-nio-6201-exec-2] o.s.web.servlet.DispatcherServlet - Detected org.springframework.web.servlet.view.DefaultRequestToViewNameTranslator@2d033fb9
2025-07-16 15:41:26 DEBUG [http-nio-6201-exec-2] o.s.web.servlet.DispatcherServlet - Detected org.springframework.web.servlet.support.SessionFlashMapManager@2b17f4bd
2025-07-16 15:41:26 DEBUG [http-nio-6201-exec-2] o.s.web.servlet.DispatcherServlet - enableLoggingRequestDetails='false': request parameters and headers will be masked to prevent unsafe logging of potentially sensitive data
2025-07-16 15:41:26 INFO  [http-nio-6201-exec-2] o.s.web.servlet.DispatcherServlet - Completed initialization in 4 ms
2025-07-16 15:41:26 DEBUG [http-nio-6201-exec-2] o.s.web.servlet.DispatcherServlet - POST "/process/demo-onboarding/acquisition", parameters={}
2025-07-16 15:41:26 DEBUG [http-nio-6201-exec-2] o.s.w.s.m.m.a.RequestMappingHandlerMapping - Mapped to smart.lending.rest.controller.DemoOnboardingController#acquisition(RequestWrapper)
2025-07-16 15:41:26 DEBUG [http-nio-6201-exec-2] o.s.w.s.m.m.a.RequestResponseBodyMethodProcessor - Read "application/json;charset=UTF-8" to [smart.lending.rest.payload.RequestWrapper@3e0b1ecd]
2025-07-16 15:41:26 INFO  [http-nio-6201-exec-2] s.l.d.process.DemoOnboardServiceTask - DemoOnboardServiceTask checkDedupe
2025-07-16 15:41:26 INFO  [http-nio-6201-exec-2] s.l.d.process.DemoOnboardServiceTask - DemoOnboardServiceTask checkDedupe
2025-07-16 15:41:26 DEBUG [http-nio-6201-exec-2] o.s.web.servlet.DispatcherServlet - Failed to complete request: org.flowable.common.engine.api.FlowableException: Unknown method used in expression: ${demoOnboardServiceTask.getApproval(creditScore)}
2025-07-16 15:41:26 ERROR [http-nio-6201-exec-2] o.a.c.c.C.[.[.[.[dispatcherServlet] - Servlet.service() for servlet [dispatcherServlet] in context with path [] threw exception [Request processing failed: org.flowable.common.engine.api.FlowableException: Unknown method used in expression: ${demoOnboardServiceTask.getApproval(creditScore)}] with root cause
org.flowable.common.engine.impl.javax.el.MethodNotFoundException: Method not found: class smart.lending.domain.process.DemoOnboardServiceTask.getApproval(java.lang.Boolean)
	at org.flowable.common.engine.impl.javax.el.Util.findWrapper(Util.java:228)
	at org.flowable.common.engine.impl.javax.el.Util.findMethod(Util.java:71)
	at org.flowable.common.engine.impl.javax.el.BeanELResolver.invoke(BeanELResolver.java:469)
	at org.flowable.common.engine.impl.javax.el.CompositeELResolver.invoke(CompositeELResolver.java:408)
	at org.flowable.common.engine.impl.de.odysseus.el.tree.impl.ast.AstMethod.eval(AstMethod.java:98)
	at org.flowable.common.engine.impl.de.odysseus.el.tree.impl.ast.AstMethod.eval(AstMethod.java:107)
	at org.flowable.common.engine.impl.de.odysseus.el.tree.impl.ast.AstEval.eval(AstEval.java:53)
	at org.flowable.common.engine.impl.de.odysseus.el.tree.impl.ast.AstNode.getValue(AstNode.java:31)
	at org.flowable.common.engine.impl.de.odysseus.el.TreeValueExpression.getValue(TreeValueExpression.java:122)
	at org.flowable.engine.impl.delegate.invocation.ExpressionGetInvocation.invoke(ExpressionGetInvocation.java:34)
	at org.flowable.engine.impl.delegate.invocation.DelegateInvocation.proceed(DelegateInvocation.java:32)
	at org.flowable.engine.impl.delegate.invocation.DefaultDelegateInterceptor.handleInvocation(DefaultDelegateInterceptor.java:26)
	at org.flowable.engine.impl.el.JuelExpression.resolveGetValueExpression(JuelExpression.java:44)
	at org.flowable.common.engine.impl.el.JuelExpression.getValue(JuelExpression.java:52)
	at org.flowable.engine.impl.bpmn.behavior.ServiceTaskExpressionActivityBehavior.execute(ServiceTaskExpressionActivityBehavior.java:93)
	at org.flowable.engine.impl.agenda.ContinueProcessOperation.executeActivityBehavior(ContinueProcessOperation.java:298)
	at org.flowable.engine.impl.agenda.ContinueProcessOperation.executeSynchronous(ContinueProcessOperation.java:175)
	at org.flowable.engine.impl.agenda.ContinueProcessOperation.continueThroughFlowNode(ContinueProcessOperation.java:125)
	at org.flowable.engine.impl.agenda.ContinueProcessOperation.run(ContinueProcessOperation.java:88)
	at org.flowable.common.engine.impl.AbstractEngineConfiguration.lambda$new$0(AbstractEngineConfiguration.java:195)
	at org.flowable.engine.impl.interceptor.CommandInvoker.executeOperation(CommandInvoker.java:130)
	at org.flowable.engine.impl.interceptor.CommandInvoker.executeOperations(CommandInvoker.java:114)
	at org.flowable.engine.impl.interceptor.CommandInvoker.execute(CommandInvoker.java:72)
	at org.flowable.engine.impl.interceptor.BpmnOverrideContextInterceptor.execute(BpmnOverrideContextInterceptor.java:26)
	at org.flowable.common.engine.impl.interceptor.TransactionContextInterceptor.execute(TransactionContextInterceptor.java:53)
	at org.flowable.common.engine.impl.interceptor.CommandContextInterceptor.execute(CommandContextInterceptor.java:105)
	at org.flowable.common.spring.SpringTransactionInterceptor.lambda$execute$0(SpringTransactionInterceptor.java:57)
	at org.springframework.transaction.support.TransactionTemplate.execute(TransactionTemplate.java:140)
	at org.flowable.common.spring.SpringTransactionInterceptor.execute(SpringTransactionInterceptor.java:57)
	at org.flowable.common.engine.impl.interceptor.LogInterceptor.execute(LogInterceptor.java:30)
	at org.flowable.common.engine.impl.cfg.CommandExecutorImpl.execute(CommandExecutorImpl.java:56)
	at org.flowable.common.engine.impl.cfg.CommandExecutorImpl.execute(CommandExecutorImpl.java:51)
	at org.flowable.engine.impl.TaskServiceImpl.complete(TaskServiceImpl.java:223)
	at smart.lending.rest.controller.DemoOnboardingController.acquisition(DemoOnboardingController.java:39)
	at java.base/jdk.internal.reflect.DirectMethodHandleAccessor.invoke(DirectMethodHandleAccessor.java:103)
	at java.base/java.lang.reflect.Method.invoke(Method.java:580)
	at org.springframework.web.method.support.InvocableHandlerMethod.doInvoke(InvocableHandlerMethod.java:258)
	at org.springframework.web.method.support.InvocableHandlerMethod.invokeForRequest(InvocableHandlerMethod.java:191)
	at org.springframework.web.servlet.mvc.method.annotation.ServletInvocableHandlerMethod.invokeAndHandle(ServletInvocableHandlerMethod.java:118)
	at org.springframework.web.servlet.mvc.method.annotation.RequestMappingHandlerAdapter.invokeHandlerMethod(RequestMappingHandlerAdapter.java:986)
	at org.springframework.web.servlet.mvc.method.annotation.RequestMappingHandlerAdapter.handleInternal(RequestMappingHandlerAdapter.java:891)
	at org.springframework.web.servlet.mvc.method.AbstractHandlerMethodAdapter.handle(AbstractHandlerMethodAdapter.java:87)
	at org.springframework.web.servlet.DispatcherServlet.doDispatch(DispatcherServlet.java:1089)
	at org.springframework.web.servlet.DispatcherServlet.doService(DispatcherServlet.java:979)
	at org.springframework.web.servlet.FrameworkServlet.processRequest(FrameworkServlet.java:1014)
	at org.springframework.web.servlet.FrameworkServlet.doPost(FrameworkServlet.java:914)
	at jakarta.servlet.http.HttpServlet.service(HttpServlet.java:590)
	at org.springframework.web.servlet.FrameworkServlet.service(FrameworkServlet.java:885)
	at jakarta.servlet.http.HttpServlet.service(HttpServlet.java:658)
	at org.apache.catalina.core.ApplicationFilterChain.internalDoFilter(ApplicationFilterChain.java:195)
	at org.apache.catalina.core.ApplicationFilterChain.doFilter(ApplicationFilterChain.java:140)
	at org.apache.tomcat.websocket.server.WsFilter.doFilter(WsFilter.java:51)
	at org.apache.catalina.core.ApplicationFilterChain.internalDoFilter(ApplicationFilterChain.java:164)
	at org.apache.catalina.core.ApplicationFilterChain.doFilter(ApplicationFilterChain.java:140)
	at org.springframework.web.filter.OncePerRequestFilter.doFilter(OncePerRequestFilter.java:110)
	at org.apache.catalina.core.ApplicationFilterChain.internalDoFilter(ApplicationFilterChain.java:164)
	at org.apache.catalina.core.ApplicationFilterChain.doFilter(ApplicationFilterChain.java:140)
	at org.springframework.web.filter.CompositeFilter$VirtualFilterChain.doFilter(CompositeFilter.java:108)
	at org.springframework.security.web.FilterChainProxy.lambda$doFilterInternal$3(FilterChainProxy.java:231)
	at org.springframework.security.web.FilterChainProxy$VirtualFilterChain.doFilter(FilterChainProxy.java:365)
	at org.springframework.security.web.access.intercept.AuthorizationFilter.doFilter(AuthorizationFilter.java:101)
	at org.springframework.security.web.FilterChainProxy$VirtualFilterChain.doFilter(FilterChainProxy.java:374)
	at org.springframework.security.web.access.ExceptionTranslationFilter.doFilter(ExceptionTranslationFilter.java:126)
	at org.springframework.security.web.access.ExceptionTranslationFilter.doFilter(ExceptionTranslationFilter.java:120)
	at org.springframework.security.web.FilterChainProxy$VirtualFilterChain.doFilter(FilterChainProxy.java:374)
	at org.springframework.security.web.authentication.AnonymousAuthenticationFilter.doFilter(AnonymousAuthenticationFilter.java:100)
	at org.springframework.security.web.FilterChainProxy$VirtualFilterChain.doFilter(FilterChainProxy.java:374)
	at org.springframework.security.web.servletapi.SecurityContextHolderAwareRequestFilter.doFilter(SecurityContextHolderAwareRequestFilter.java:179)
	at org.springframework.security.web.FilterChainProxy$VirtualFilterChain.doFilter(FilterChainProxy.java:374)
	at org.springframework.security.web.savedrequest.RequestCacheAwareFilter.doFilter(RequestCacheAwareFilter.java:63)
	at org.springframework.security.web.FilterChainProxy$VirtualFilterChain.doFilter(FilterChainProxy.java:374)
	at smart.lending.rest.security.JwtFilter.doFilterInternal(JwtFilter.java:59)
	at org.springframework.web.filter.OncePerRequestFilter.doFilter(OncePerRequestFilter.java:116)
	at org.springframework.security.web.FilterChainProxy$VirtualFilterChain.doFilter(FilterChainProxy.java:374)
	at org.springframework.security.web.authentication.logout.LogoutFilter.doFilter(LogoutFilter.java:107)
	at org.springframework.security.web.authentication.logout.LogoutFilter.doFilter(LogoutFilter.java:93)
	at org.springframework.security.web.FilterChainProxy$VirtualFilterChain.doFilter(FilterChainProxy.java:374)
	at org.springframework.web.filter.CorsFilter.doFilterInternal(CorsFilter.java:91)
	at org.springframework.web.filter.OncePerRequestFilter.doFilter(OncePerRequestFilter.java:116)
	at org.springframework.security.web.FilterChainProxy$VirtualFilterChain.doFilter(FilterChainProxy.java:374)
	at org.springframework.security.web.header.HeaderWriterFilter.doHeadersAfter(HeaderWriterFilter.java:90)
	at org.springframework.security.web.header.HeaderWriterFilter.doFilterInternal(HeaderWriterFilter.java:75)
	at org.springframework.web.filter.OncePerRequestFilter.doFilter(OncePerRequestFilter.java:116)
	at org.springframework.security.web.FilterChainProxy$VirtualFilterChain.doFilter(FilterChainProxy.java:374)
	at org.springframework.security.web.context.SecurityContextHolderFilter.doFilter(SecurityContextHolderFilter.java:82)
	at org.springframework.security.web.context.SecurityContextHolderFilter.doFilter(SecurityContextHolderFilter.java:69)
	at org.springframework.security.web.FilterChainProxy$VirtualFilterChain.doFilter(FilterChainProxy.java:374)
	at org.springframework.security.web.context.request.async.WebAsyncManagerIntegrationFilter.doFilterInternal(WebAsyncManagerIntegrationFilter.java:62)
	at org.springframework.web.filter.OncePerRequestFilter.doFilter(OncePerRequestFilter.java:116)
	at org.springframework.security.web.FilterChainProxy$VirtualFilterChain.doFilter(FilterChainProxy.java:374)
	at org.springframework.security.web.session.DisableEncodeUrlFilter.doFilterInternal(DisableEncodeUrlFilter.java:42)
	at org.springframework.web.filter.OncePerRequestFilter.doFilter(OncePerRequestFilter.java:116)
	at org.springframework.security.web.FilterChainProxy$VirtualFilterChain.doFilter(FilterChainProxy.java:374)
	at org.springframework.security.web.FilterChainProxy.doFilterInternal(FilterChainProxy.java:233)
	at org.springframework.security.web.FilterChainProxy.doFilter(FilterChainProxy.java:191)
	at org.springframework.web.filter.CompositeFilter$VirtualFilterChain.doFilter(CompositeFilter.java:113)
	at org.springframework.web.servlet.handler.HandlerMappingIntrospector.lambda$createCacheFilter$3(HandlerMappingIntrospector.java:243)
	at org.springframework.web.filter.CompositeFilter$VirtualFilterChain.doFilter(CompositeFilter.java:113)
	at org.springframework.web.filter.CompositeFilter.doFilter(CompositeFilter.java:74)
	at org.springframework.security.config.annotation.web.configuration.WebMvcSecurityConfiguration$CompositeFilterChainProxy.doFilter(WebMvcSecurityConfiguration.java:238)
	at org.springframework.web.filter.DelegatingFilterProxy.invokeDelegate(DelegatingFilterProxy.java:362)
	at org.springframework.web.filter.DelegatingFilterProxy.doFilter(DelegatingFilterProxy.java:278)
	at org.apache.catalina.core.ApplicationFilterChain.internalDoFilter(ApplicationFilterChain.java:164)
	at org.apache.catalina.core.ApplicationFilterChain.doFilter(ApplicationFilterChain.java:140)
	at org.springframework.web.filter.RequestContextFilter.doFilterInternal(RequestContextFilter.java:100)
	at org.springframework.web.filter.OncePerRequestFilter.doFilter(OncePerRequestFilter.java:116)
	at org.apache.catalina.core.ApplicationFilterChain.internalDoFilter(ApplicationFilterChain.java:164)
	at org.apache.catalina.core.ApplicationFilterChain.doFilter(ApplicationFilterChain.java:140)
	at org.springframework.web.filter.FormContentFilter.doFilterInternal(FormContentFilter.java:93)
	at org.springframework.web.filter.OncePerRequestFilter.doFilter(OncePerRequestFilter.java:116)
	at org.apache.catalina.core.ApplicationFilterChain.internalDoFilter(ApplicationFilterChain.java:164)
	at org.apache.catalina.core.ApplicationFilterChain.doFilter(ApplicationFilterChain.java:140)
	at org.springframework.web.filter.CharacterEncodingFilter.doFilterInternal(CharacterEncodingFilter.java:201)
	at org.springframework.web.filter.OncePerRequestFilter.doFilter(OncePerRequestFilter.java:116)
	at org.apache.catalina.core.ApplicationFilterChain.internalDoFilter(ApplicationFilterChain.java:164)
	at org.apache.catalina.core.ApplicationFilterChain.doFilter(ApplicationFilterChain.java:140)
	at org.apache.catalina.core.StandardWrapperValve.invoke(StandardWrapperValve.java:167)
	at org.apache.catalina.core.StandardContextValve.invoke(StandardContextValve.java:90)
	at org.apache.catalina.authenticator.AuthenticatorBase.invoke(AuthenticatorBase.java:483)
	at org.apache.catalina.core.StandardHostValve.invoke(StandardHostValve.java:116)
	at org.apache.catalina.valves.ErrorReportValve.invoke(ErrorReportValve.java:93)
	at org.apache.catalina.core.StandardEngineValve.invoke(StandardEngineValve.java:74)
	at org.apache.catalina.connector.CoyoteAdapter.service(CoyoteAdapter.java:344)
	at org.apache.coyote.http11.Http11Processor.service(Http11Processor.java:398)
	at org.apache.coyote.AbstractProcessorLight.process(AbstractProcessorLight.java:63)
	at org.apache.coyote.AbstractProtocol$ConnectionHandler.process(AbstractProtocol.java:903)
	at org.apache.tomcat.util.net.NioEndpoint$SocketProcessor.doRun(NioEndpoint.java:1740)
	at org.apache.tomcat.util.net.SocketProcessorBase.run(SocketProcessorBase.java:52)
	at org.apache.tomcat.util.threads.ThreadPoolExecutor.runWorker(ThreadPoolExecutor.java:1189)
	at org.apache.tomcat.util.threads.ThreadPoolExecutor$Worker.run(ThreadPoolExecutor.java:658)
	at org.apache.tomcat.util.threads.TaskThread$WrappingRunnable.run(TaskThread.java:63)
	at java.base/java.lang.Thread.run(Thread.java:1583)
2025-07-16 15:43:57 INFO  [SpringApplicationShutdownHook] o.s.b.w.e.tomcat.GracefulShutdown - Commencing graceful shutdown. Waiting for active requests to complete
2025-07-16 15:43:57 INFO  [tomcat-shutdown] o.s.b.w.e.tomcat.GracefulShutdown - Graceful shutdown complete
2025-07-16 15:43:57 INFO  [SpringApplicationShutdownHook] o.f.j.s.i.a.AbstractAsyncExecutor - Shutting down the async job executor [org.flowable.job.service.impl.asyncexecutor.DefaultAsyncJobExecutor] for engine bpmn
2025-07-16 15:43:57 INFO  [flowable-bpmn-acquire-async-jobs] o.f.j.s.i.a.AcquireAsyncJobsDueRunnable - stopped async job due acquisition for engine bpmn
2025-07-16 15:43:57 INFO  [flowable-bpmn-acquire-timer-jobs] o.f.j.s.i.a.AcquireTimerJobsRunnable - stopped async job due acquisition for engine bpmn
2025-07-16 15:43:57 INFO  [flowable-bpmn-reset-expired-jobs] o.f.j.s.i.a.ResetExpiredJobsRunnable - stopped resetting expired jobs for engine bpmn
2025-07-16 15:43:57 INFO  [SpringApplicationShutdownHook] com.zaxxer.hikari.HikariDataSource - HikariPool-2 - Shutdown initiated...
2025-07-16 15:43:57 INFO  [SpringApplicationShutdownHook] com.zaxxer.hikari.HikariDataSource - HikariPool-2 - Shutdown completed.
2025-07-16 15:43:57 INFO  [SpringApplicationShutdownHook] o.s.o.j.LocalContainerEntityManagerFactoryBean - Closing JPA EntityManagerFactory for persistence unit 'platform'
2025-07-16 15:43:57 INFO  [SpringApplicationShutdownHook] com.zaxxer.hikari.HikariDataSource - HikariPool-1 - Shutdown initiated...
2025-07-16 15:43:57 INFO  [SpringApplicationShutdownHook] com.zaxxer.hikari.HikariDataSource - HikariPool-1 - Shutdown completed.
2025-07-16 15:47:35 INFO  [restartedMain] s.l.rest.app.SmartLendingRestApp - Starting SmartLendingRestApp using Java 21.0.6 with PID 37512 (/home/kitaro/dev-area/a2z-smart-lending-platform/backend/smart-lending-be/modules/smart-lending-api/smart-lending-rest-app/target/classes started by kitaro in /home/kitaro/dev-area/a2z-smart-lending-platform)
2025-07-16 15:47:35 INFO  [restartedMain] s.l.rest.app.SmartLendingRestApp - The following 1 profile is active: "uat"
2025-07-16 15:47:35 INFO  [restartedMain] o.s.b.d.e.DevToolsPropertyDefaultsPostProcessor - Devtools property defaults active! Set 'spring.devtools.add-properties' to 'false' to disable
2025-07-16 15:47:35 INFO  [restartedMain] o.s.b.d.e.DevToolsPropertyDefaultsPostProcessor - For additional web related logging consider setting the 'logging.level.web' property to 'DEBUG'
2025-07-16 15:47:36 INFO  [restartedMain] o.s.d.r.c.RepositoryConfigurationDelegate - Bootstrapping Spring Data JPA repositories in DEFAULT mode.
2025-07-16 15:47:36 INFO  [restartedMain] o.s.d.r.c.RepositoryConfigurationDelegate - Finished Spring Data repository scanning in 33 ms. Found 3 JPA repository interfaces.
2025-07-16 15:47:37 INFO  [restartedMain] o.s.b.w.e.tomcat.TomcatWebServer - Tomcat initialized with port 6201 (http)
2025-07-16 15:47:37 INFO  [restartedMain] o.a.catalina.core.StandardService - Starting service [Tomcat]
2025-07-16 15:47:37 INFO  [restartedMain] o.a.catalina.core.StandardEngine - Starting Servlet engine: [Apache Tomcat/10.1.40]
2025-07-16 15:47:37 INFO  [restartedMain] o.a.c.c.C.[Tomcat].[localhost].[/] - Initializing Spring embedded WebApplicationContext
2025-07-16 15:47:37 INFO  [restartedMain] o.s.b.w.s.c.ServletWebServerApplicationContext - Root WebApplicationContext: initialization completed in 1509 ms
2025-07-16 15:47:37 INFO  [restartedMain] s.l.domain.config.PlatformDbConfig - =========== Platform DataSource: HikariDataSource (null) ==========
2025-07-16 15:47:37 INFO  [restartedMain] o.h.jpa.internal.util.LogHelper - HHH000204: Processing PersistenceUnitInfo [name: platform]
2025-07-16 15:47:37 INFO  [restartedMain] org.hibernate.Version - HHH000412: Hibernate ORM core version 6.6.13.Final
2025-07-16 15:47:37 INFO  [restartedMain] o.h.c.i.RegionFactoryInitiator - HHH000026: Second-level cache disabled
2025-07-16 15:47:37 INFO  [restartedMain] o.s.o.j.p.SpringPersistenceUnitInfo - No LoadTimeWeaver setup: ignoring JPA class transformer
2025-07-16 15:47:37 INFO  [restartedMain] com.zaxxer.hikari.HikariDataSource - HikariPool-1 - Starting...
2025-07-16 15:47:37 INFO  [restartedMain] com.zaxxer.hikari.pool.HikariPool - HikariPool-1 - Added connection org.postgresql.jdbc.PgConnection@869c133
2025-07-16 15:47:37 INFO  [restartedMain] com.zaxxer.hikari.HikariDataSource - HikariPool-1 - Start completed.
2025-07-16 15:47:37 INFO  [restartedMain] o.hibernate.orm.connections.pooling - HHH10001005: Database info:
	Database JDBC URL [Connecting through datasource 'HikariDataSource (HikariPool-1)']
	Database driver: undefined/unknown
	Database version: 15.10
	Autocommit mode: undefined/unknown
	Isolation level: undefined/unknown
	Minimum pool size: undefined/unknown
	Maximum pool size: undefined/unknown
2025-07-16 15:47:38 INFO  [restartedMain] o.h.e.t.j.p.i.JtaPlatformInitiator - HHH000489: No JTA platform available (set 'hibernate.transaction.jta.platform' to enable JTA platform integration)
2025-07-16 15:47:38 INFO  [restartedMain] o.s.o.j.LocalContainerEntityManagerFactoryBean - Initialized JPA EntityManagerFactory for persistence unit 'platform'
2025-07-16 15:47:38 INFO  [restartedMain] o.s.d.j.r.query.QueryEnhancerFactory - Hibernate is in classpath; If applicable, HQL parser will be used.
2025-07-16 15:47:39 INFO  [restartedMain] s.l.domain.config.ProcessDbConfig - =========== Process DataSource: HikariDataSource (null) ==========
2025-07-16 15:47:39 INFO  [restartedMain] o.f.s.SpringProcessEngineConfiguration - Found 2 Engine Configurators in total:
2025-07-16 15:47:39 INFO  [restartedMain] o.f.s.SpringProcessEngineConfiguration - class org.flowable.eventregistry.spring.configurator.SpringEventRegistryConfigurator (priority:100000)
2025-07-16 15:47:39 INFO  [restartedMain] o.f.s.SpringProcessEngineConfiguration - class org.flowable.idm.engine.configurator.IdmEngineConfigurator (priority:150000)
2025-07-16 15:47:39 INFO  [restartedMain] o.f.s.SpringProcessEngineConfiguration - Executing beforeInit() of class org.flowable.eventregistry.spring.configurator.SpringEventRegistryConfigurator (priority:100000)
2025-07-16 15:47:39 INFO  [restartedMain] o.f.s.SpringProcessEngineConfiguration - Executing beforeInit() of class org.flowable.idm.engine.configurator.IdmEngineConfigurator (priority:150000)
2025-07-16 15:47:39 INFO  [restartedMain] com.zaxxer.hikari.HikariDataSource - HikariPool-2 - Starting...
2025-07-16 15:47:39 INFO  [restartedMain] com.zaxxer.hikari.pool.HikariPool - HikariPool-2 - Added connection org.postgresql.jdbc.PgConnection@218523f7
2025-07-16 15:47:39 INFO  [restartedMain] com.zaxxer.hikari.HikariDataSource - HikariPool-2 - Start completed.
2025-07-16 15:47:40 INFO  [restartedMain] o.f.c.e.i.a.DefaultAsyncTaskExecutor - Creating thread pool queue of size 100
2025-07-16 15:47:40 INFO  [restartedMain] o.f.c.e.i.a.DefaultAsyncTaskExecutor - Creating thread factory with naming pattern flowable-async-task-invoker-thread-%d
2025-07-16 15:47:40 INFO  [restartedMain] o.f.c.e.i.a.DefaultAsyncTaskExecutor - Creating executor service with corePoolSize 8, maxPoolSize 8 and keepAliveTime 5000
2025-07-16 15:47:40 INFO  [restartedMain] o.f.c.e.i.a.DefaultAsyncTaskExecutor - Using rejectedExecutionHandler java.util.concurrent.ThreadPoolExecutor$CallerRunsPolicy@555bfda6
2025-07-16 15:47:40 INFO  [restartedMain] o.f.c.e.i.a.DefaultAsyncTaskExecutor - Creating thread pool queue of size 2048
2025-07-16 15:47:40 INFO  [restartedMain] o.f.c.e.i.a.DefaultAsyncTaskExecutor - Creating thread factory with naming pattern flowable-async-job-executor-thread-%d
2025-07-16 15:47:40 INFO  [restartedMain] o.f.c.e.i.a.DefaultAsyncTaskExecutor - Creating executor service with corePoolSize 8, maxPoolSize 8 and keepAliveTime 5000
2025-07-16 15:47:40 INFO  [restartedMain] o.f.s.SpringProcessEngineConfiguration - Executing configure() of class org.flowable.eventregistry.spring.configurator.SpringEventRegistryConfigurator (priority:100000)
2025-07-16 15:47:40 INFO  [restartedMain] liquibase.database - Set default schema name to public
2025-07-16 15:47:40 INFO  [restartedMain] liquibase.changelog - Reading from public.flw_ev_databasechangelog
2025-07-16 15:47:40 INFO  [restartedMain] liquibase.command - Command execution complete
2025-07-16 15:47:40 INFO  [restartedMain] o.f.e.impl.EventRegistryEngineImpl - EventRegistryEngine default created
2025-07-16 15:47:40 INFO  [restartedMain] o.f.s.SpringProcessEngineConfiguration - Executing configure() of class org.flowable.idm.engine.configurator.IdmEngineConfigurator (priority:150000)
2025-07-16 15:47:40 INFO  [restartedMain] o.f.idm.engine.impl.IdmEngineImpl - IdmEngine default created
2025-07-16 15:47:40 INFO  [restartedMain] o.f.engine.impl.ProcessEngineImpl - ProcessEngine default created
2025-07-16 15:47:40 INFO  [restartedMain] o.f.e.impl.cmd.ValidateV5EntitiesCmd - Total of v5 deployments found: 0
2025-07-16 15:47:41 WARN  [restartedMain] o.s.b.a.s.s.UserDetailsServiceAutoConfiguration - 

Using generated security password: 26272330-4c9a-400b-a395-ae983f62d64a

This generated password is for development use only. Your security configuration must be updated before running your application in production.

2025-07-16 15:47:41 INFO  [restartedMain] o.s.s.c.a.a.c.InitializeUserDetailsBeanManagerConfigurer$InitializeUserDetailsManagerConfigurer - Global AuthenticationManager configured with UserDetailsService bean with name inMemoryUserDetailsManager
2025-07-16 15:47:41 DEBUG [restartedMain] o.s.w.s.m.m.a.RequestMappingHandlerMapping - 11 mappings in 'requestMappingHandlerMapping'
2025-07-16 15:47:41 DEBUG [restartedMain] o.s.w.s.h.SimpleUrlHandlerMapping - Patterns [/webjars/**, /**, /swagger-ui*/*swagger-initializer.js, /swagger-ui*/**] in 'resourceHandlerMapping'
2025-07-16 15:47:41 INFO  [restartedMain] o.s.v.b.OptionalValidatorFactoryBean - Failed to set up a Bean Validation provider: jakarta.validation.NoProviderFoundException: Unable to create a Configuration, because no Jakarta Bean Validation provider could be found. Add a provider like Hibernate Validator (RI) to your classpath.
2025-07-16 15:47:41 DEBUG [restartedMain] o.s.w.s.m.m.a.RequestMappingHandlerAdapter - ControllerAdvice beans: 0 @ModelAttribute, 0 @InitBinder, 1 RequestBodyAdvice, 1 ResponseBodyAdvice
2025-07-16 15:47:41 DEBUG [restartedMain] o.s.w.s.m.m.a.ExceptionHandlerExceptionResolver - ControllerAdvice beans: 1 @ExceptionHandler, 1 ResponseBodyAdvice
2025-07-16 15:47:42 INFO  [restartedMain] o.s.b.d.a.OptionalLiveReloadServer - LiveReload server is running on port 35729
2025-07-16 15:47:42 INFO  [restartedMain] o.f.j.s.i.a.AbstractAsyncExecutor - Starting up the async job executor [org.flowable.job.service.impl.asyncexecutor.DefaultAsyncJobExecutor] for engine bpmn
2025-07-16 15:47:42 INFO  [Thread-9] o.f.j.s.i.a.ResetExpiredJobsRunnable - starting to reset expired jobs for engine bpmn
2025-07-16 15:47:42 INFO  [Thread-7] o.f.j.s.i.a.AcquireAsyncJobsDueRunnable - starting to acquire async jobs due for engine bpmn
2025-07-16 15:47:42 INFO  [Thread-8] o.f.j.s.i.a.AcquireTimerJobsRunnable - starting to acquire async jobs due for engine bpmn
2025-07-16 15:47:42 INFO  [restartedMain] o.s.b.w.e.tomcat.TomcatWebServer - Tomcat started on port 6201 (http) with context path '/'
2025-07-16 15:47:42 INFO  [restartedMain] s.l.rest.app.SmartLendingRestApp - Started SmartLendingRestApp in 7.25 seconds (process running for 7.911)
2025-07-16 15:47:50 INFO  [http-nio-6201-exec-2] o.a.c.c.C.[Tomcat].[localhost].[/] - Initializing Spring DispatcherServlet 'dispatcherServlet'
2025-07-16 15:47:50 INFO  [http-nio-6201-exec-2] o.s.web.servlet.DispatcherServlet - Initializing Servlet 'dispatcherServlet'
2025-07-16 15:47:50 DEBUG [http-nio-6201-exec-2] o.s.web.servlet.DispatcherServlet - Detected StandardServletMultipartResolver
2025-07-16 15:47:50 DEBUG [http-nio-6201-exec-2] o.s.web.servlet.DispatcherServlet - Detected AcceptHeaderLocaleResolver
2025-07-16 15:47:50 DEBUG [http-nio-6201-exec-2] o.s.web.servlet.DispatcherServlet - Detected FixedThemeResolver
2025-07-16 15:47:50 DEBUG [http-nio-6201-exec-2] o.s.web.servlet.DispatcherServlet - Detected org.springframework.web.servlet.view.DefaultRequestToViewNameTranslator@2c7bfb7b
2025-07-16 15:47:50 DEBUG [http-nio-6201-exec-2] o.s.web.servlet.DispatcherServlet - Detected org.springframework.web.servlet.support.SessionFlashMapManager@62a612dc
2025-07-16 15:47:50 DEBUG [http-nio-6201-exec-2] o.s.web.servlet.DispatcherServlet - enableLoggingRequestDetails='false': request parameters and headers will be masked to prevent unsafe logging of potentially sensitive data
2025-07-16 15:47:50 INFO  [http-nio-6201-exec-2] o.s.web.servlet.DispatcherServlet - Completed initialization in 7 ms
2025-07-16 15:47:50 DEBUG [http-nio-6201-exec-2] o.s.web.servlet.DispatcherServlet - POST "/process/demo-onboarding/acquisition", parameters={}
2025-07-16 15:47:50 DEBUG [http-nio-6201-exec-2] o.s.w.s.m.m.a.RequestMappingHandlerMapping - Mapped to smart.lending.rest.controller.DemoOnboardingController#acquisition(RequestWrapper)
2025-07-16 15:47:50 DEBUG [http-nio-6201-exec-2] o.s.w.s.m.m.a.RequestResponseBodyMethodProcessor - Read "application/json;charset=UTF-8" to [smart.lending.rest.payload.RequestWrapper@65075345]
2025-07-16 15:47:50 INFO  [http-nio-6201-exec-2] s.l.d.process.DemoOnboardServiceTask - DemoOnboardServiceTask checkDedupe
2025-07-16 15:47:50 INFO  [http-nio-6201-exec-2] s.l.d.process.DemoOnboardServiceTask - =========DemoOnboardServiceTask getScore================
2025-07-16 15:47:50 INFO  [http-nio-6201-exec-2] s.l.d.process.DemoOnboardServiceTask - DemoOnboardServiceTask getApproval - creditScore 567.89
2025-07-16 15:47:50 DEBUG [http-nio-6201-exec-2] o.s.w.s.m.m.a.RequestResponseBodyMethodProcessor - Using 'text/plain', given [*/*] and supported [text/plain, */*, application/json, application/*+json, application/yaml]
2025-07-16 15:47:50 DEBUG [http-nio-6201-exec-2] o.s.w.s.m.m.a.RequestResponseBodyMethodProcessor - Writing ["32501"]
2025-07-16 15:47:50 DEBUG [http-nio-6201-exec-2] o.s.web.servlet.DispatcherServlet - Completed 200 OK
2025-07-16 15:49:14 INFO  [SpringApplicationShutdownHook] o.s.b.w.e.tomcat.GracefulShutdown - Commencing graceful shutdown. Waiting for active requests to complete
2025-07-16 15:49:14 INFO  [tomcat-shutdown] o.s.b.w.e.tomcat.GracefulShutdown - Graceful shutdown complete
2025-07-16 15:49:14 INFO  [SpringApplicationShutdownHook] o.f.j.s.i.a.AbstractAsyncExecutor - Shutting down the async job executor [org.flowable.job.service.impl.asyncexecutor.DefaultAsyncJobExecutor] for engine bpmn
2025-07-16 15:49:14 INFO  [flowable-bpmn-acquire-timer-jobs] o.f.j.s.i.a.AcquireTimerJobsRunnable - stopped async job due acquisition for engine bpmn
2025-07-16 15:49:14 INFO  [flowable-bpmn-acquire-async-jobs] o.f.j.s.i.a.AcquireAsyncJobsDueRunnable - stopped async job due acquisition for engine bpmn
2025-07-16 15:49:14 INFO  [flowable-bpmn-reset-expired-jobs] o.f.j.s.i.a.ResetExpiredJobsRunnable - stopped resetting expired jobs for engine bpmn
2025-07-16 15:49:14 INFO  [SpringApplicationShutdownHook] com.zaxxer.hikari.HikariDataSource - HikariPool-2 - Shutdown initiated...
2025-07-16 15:49:14 INFO  [SpringApplicationShutdownHook] com.zaxxer.hikari.HikariDataSource - HikariPool-2 - Shutdown completed.
2025-07-16 15:49:14 INFO  [SpringApplicationShutdownHook] o.s.o.j.LocalContainerEntityManagerFactoryBean - Closing JPA EntityManagerFactory for persistence unit 'platform'
2025-07-16 15:49:14 INFO  [SpringApplicationShutdownHook] com.zaxxer.hikari.HikariDataSource - HikariPool-1 - Shutdown initiated...
2025-07-16 15:49:14 INFO  [SpringApplicationShutdownHook] com.zaxxer.hikari.HikariDataSource - HikariPool-1 - Shutdown completed.
2025-07-16 16:19:29 INFO  [restartedMain] s.l.rest.app.SmartLendingRestApp - Starting SmartLendingRestApp using Java 21.0.6 with PID 89151 (/home/kitaro/dev-area/a2z-smart-lending-platform/backend/smart-lending-be/modules/smart-lending-api/smart-lending-rest-app/target/classes started by kitaro in /home/kitaro/dev-area/a2z-smart-lending-platform)
2025-07-16 16:19:29 INFO  [restartedMain] s.l.rest.app.SmartLendingRestApp - The following 1 profile is active: "uat"
2025-07-16 16:19:29 INFO  [restartedMain] o.s.b.d.e.DevToolsPropertyDefaultsPostProcessor - Devtools property defaults active! Set 'spring.devtools.add-properties' to 'false' to disable
2025-07-16 16:19:29 INFO  [restartedMain] o.s.b.d.e.DevToolsPropertyDefaultsPostProcessor - For additional web related logging consider setting the 'logging.level.web' property to 'DEBUG'
2025-07-16 16:19:29 INFO  [restartedMain] o.s.d.r.c.RepositoryConfigurationDelegate - Bootstrapping Spring Data JPA repositories in DEFAULT mode.
2025-07-16 16:19:29 INFO  [restartedMain] o.s.d.r.c.RepositoryConfigurationDelegate - Finished Spring Data repository scanning in 44 ms. Found 3 JPA repository interfaces.
2025-07-16 16:19:30 INFO  [restartedMain] o.s.b.w.e.tomcat.TomcatWebServer - Tomcat initialized with port 6201 (http)
2025-07-16 16:19:30 INFO  [restartedMain] o.a.catalina.core.StandardService - Starting service [Tomcat]
2025-07-16 16:19:30 INFO  [restartedMain] o.a.catalina.core.StandardEngine - Starting Servlet engine: [Apache Tomcat/10.1.40]
2025-07-16 16:19:30 INFO  [restartedMain] o.a.c.c.C.[Tomcat].[localhost].[/] - Initializing Spring embedded WebApplicationContext
2025-07-16 16:19:30 INFO  [restartedMain] o.s.b.w.s.c.ServletWebServerApplicationContext - Root WebApplicationContext: initialization completed in 1644 ms
2025-07-16 16:19:30 INFO  [restartedMain] s.l.domain.config.PlatformDbConfig - =========== Platform DataSource: HikariDataSource (null) ==========
2025-07-16 16:19:31 INFO  [restartedMain] o.h.jpa.internal.util.LogHelper - HHH000204: Processing PersistenceUnitInfo [name: platform]
2025-07-16 16:19:31 INFO  [restartedMain] org.hibernate.Version - HHH000412: Hibernate ORM core version 6.6.13.Final
2025-07-16 16:19:31 INFO  [restartedMain] o.h.c.i.RegionFactoryInitiator - HHH000026: Second-level cache disabled
2025-07-16 16:19:31 INFO  [restartedMain] o.s.o.j.p.SpringPersistenceUnitInfo - No LoadTimeWeaver setup: ignoring JPA class transformer
2025-07-16 16:19:31 INFO  [restartedMain] com.zaxxer.hikari.HikariDataSource - HikariPool-1 - Starting...
2025-07-16 16:19:31 INFO  [restartedMain] com.zaxxer.hikari.pool.HikariPool - HikariPool-1 - Added connection org.postgresql.jdbc.PgConnection@422eb6c7
2025-07-16 16:19:31 INFO  [restartedMain] com.zaxxer.hikari.HikariDataSource - HikariPool-1 - Start completed.
2025-07-16 16:19:31 INFO  [restartedMain] o.hibernate.orm.connections.pooling - HHH10001005: Database info:
	Database JDBC URL [Connecting through datasource 'HikariDataSource (HikariPool-1)']
	Database driver: undefined/unknown
	Database version: 15.10
	Autocommit mode: undefined/unknown
	Isolation level: undefined/unknown
	Minimum pool size: undefined/unknown
	Maximum pool size: undefined/unknown
2025-07-16 16:19:32 INFO  [restartedMain] o.h.e.t.j.p.i.JtaPlatformInitiator - HHH000489: No JTA platform available (set 'hibernate.transaction.jta.platform' to enable JTA platform integration)
2025-07-16 16:19:32 WARN  [restartedMain] o.h.e.jdbc.spi.SqlExceptionHelper - SQL Warning Code: 0, SQLState: 00000
2025-07-16 16:19:32 WARN  [restartedMain] o.h.e.jdbc.spi.SqlExceptionHelper - constraint "ukofx66keruapi6vyqpv6f2or37" of relation "roles" does not exist, skipping
2025-07-16 16:19:32 WARN  [restartedMain] o.h.e.jdbc.spi.SqlExceptionHelper - SQL Warning Code: 0, SQLState: 00000
2025-07-16 16:19:32 WARN  [restartedMain] o.h.e.jdbc.spi.SqlExceptionHelper - constraint "ukr43af9ap4edm43mmtq01oddj6" of relation "users" does not exist, skipping
2025-07-16 16:19:32 INFO  [restartedMain] o.s.o.j.LocalContainerEntityManagerFactoryBean - Initialized JPA EntityManagerFactory for persistence unit 'platform'
2025-07-16 16:19:32 INFO  [restartedMain] o.s.d.j.r.query.QueryEnhancerFactory - Hibernate is in classpath; If applicable, HQL parser will be used.
2025-07-16 16:19:33 INFO  [restartedMain] s.l.domain.config.ProcessDbConfig - =========== Process DataSource: HikariDataSource (null) ==========
2025-07-16 16:19:33 INFO  [restartedMain] o.f.s.SpringProcessEngineConfiguration - Found 2 Engine Configurators in total:
2025-07-16 16:19:33 INFO  [restartedMain] o.f.s.SpringProcessEngineConfiguration - class org.flowable.eventregistry.spring.configurator.SpringEventRegistryConfigurator (priority:100000)
2025-07-16 16:19:33 INFO  [restartedMain] o.f.s.SpringProcessEngineConfiguration - class org.flowable.idm.engine.configurator.IdmEngineConfigurator (priority:150000)
2025-07-16 16:19:33 INFO  [restartedMain] o.f.s.SpringProcessEngineConfiguration - Executing beforeInit() of class org.flowable.eventregistry.spring.configurator.SpringEventRegistryConfigurator (priority:100000)
2025-07-16 16:19:33 INFO  [restartedMain] o.f.s.SpringProcessEngineConfiguration - Executing beforeInit() of class org.flowable.idm.engine.configurator.IdmEngineConfigurator (priority:150000)
2025-07-16 16:19:33 INFO  [restartedMain] com.zaxxer.hikari.HikariDataSource - HikariPool-2 - Starting...
2025-07-16 16:19:33 INFO  [restartedMain] com.zaxxer.hikari.pool.HikariPool - HikariPool-2 - Added connection org.postgresql.jdbc.PgConnection@688477ee
2025-07-16 16:19:33 INFO  [restartedMain] com.zaxxer.hikari.HikariDataSource - HikariPool-2 - Start completed.
2025-07-16 16:19:34 INFO  [restartedMain] o.f.c.e.i.a.DefaultAsyncTaskExecutor - Creating thread pool queue of size 100
2025-07-16 16:19:34 INFO  [restartedMain] o.f.c.e.i.a.DefaultAsyncTaskExecutor - Creating thread factory with naming pattern flowable-async-task-invoker-thread-%d
2025-07-16 16:19:34 INFO  [restartedMain] o.f.c.e.i.a.DefaultAsyncTaskExecutor - Creating executor service with corePoolSize 8, maxPoolSize 8 and keepAliveTime 5000
2025-07-16 16:19:34 INFO  [restartedMain] o.f.c.e.i.a.DefaultAsyncTaskExecutor - Using rejectedExecutionHandler java.util.concurrent.ThreadPoolExecutor$CallerRunsPolicy@543976fe
2025-07-16 16:19:34 INFO  [restartedMain] o.f.c.e.i.a.DefaultAsyncTaskExecutor - Creating thread pool queue of size 2048
2025-07-16 16:19:34 INFO  [restartedMain] o.f.c.e.i.a.DefaultAsyncTaskExecutor - Creating thread factory with naming pattern flowable-async-job-executor-thread-%d
2025-07-16 16:19:34 INFO  [restartedMain] o.f.c.e.i.a.DefaultAsyncTaskExecutor - Creating executor service with corePoolSize 8, maxPoolSize 8 and keepAliveTime 5000
2025-07-16 16:19:34 INFO  [restartedMain] o.f.s.SpringProcessEngineConfiguration - Executing configure() of class org.flowable.eventregistry.spring.configurator.SpringEventRegistryConfigurator (priority:100000)
2025-07-16 16:19:34 INFO  [restartedMain] liquibase.database - Set default schema name to public
2025-07-16 16:19:34 INFO  [restartedMain] liquibase.changelog - Reading from public.flw_ev_databasechangelog
2025-07-16 16:19:35 INFO  [restartedMain] liquibase.command - Command execution complete
2025-07-16 16:19:35 INFO  [restartedMain] o.f.e.impl.EventRegistryEngineImpl - EventRegistryEngine default created
2025-07-16 16:19:35 INFO  [restartedMain] o.f.s.SpringProcessEngineConfiguration - Executing configure() of class org.flowable.idm.engine.configurator.IdmEngineConfigurator (priority:150000)
2025-07-16 16:19:35 INFO  [restartedMain] o.f.idm.engine.impl.IdmEngineImpl - IdmEngine default created
2025-07-16 16:19:35 INFO  [restartedMain] o.f.engine.impl.ProcessEngineImpl - ProcessEngine default created
2025-07-16 16:19:35 INFO  [restartedMain] o.f.e.impl.cmd.ValidateV5EntitiesCmd - Total of v5 deployments found: 0
2025-07-16 16:19:35 WARN  [restartedMain] o.s.b.a.s.s.UserDetailsServiceAutoConfiguration - 

Using generated security password: efef68e9-39de-4a21-8e86-be619428116b

This generated password is for development use only. Your security configuration must be updated before running your application in production.

2025-07-16 16:19:35 INFO  [restartedMain] o.s.s.c.a.a.c.InitializeUserDetailsBeanManagerConfigurer$InitializeUserDetailsManagerConfigurer - Global AuthenticationManager configured with UserDetailsService bean with name inMemoryUserDetailsManager
2025-07-16 16:19:35 DEBUG [restartedMain] o.s.w.s.m.m.a.RequestMappingHandlerMapping - 12 mappings in 'requestMappingHandlerMapping'
2025-07-16 16:19:35 DEBUG [restartedMain] o.s.w.s.h.SimpleUrlHandlerMapping - Patterns [/webjars/**, /**, /swagger-ui*/*swagger-initializer.js, /swagger-ui*/**] in 'resourceHandlerMapping'
2025-07-16 16:19:36 INFO  [restartedMain] o.s.v.b.OptionalValidatorFactoryBean - Failed to set up a Bean Validation provider: jakarta.validation.NoProviderFoundException: Unable to create a Configuration, because no Jakarta Bean Validation provider could be found. Add a provider like Hibernate Validator (RI) to your classpath.
2025-07-16 16:19:36 DEBUG [restartedMain] o.s.w.s.m.m.a.RequestMappingHandlerAdapter - ControllerAdvice beans: 0 @ModelAttribute, 0 @InitBinder, 1 RequestBodyAdvice, 1 ResponseBodyAdvice
2025-07-16 16:19:36 DEBUG [restartedMain] o.s.w.s.m.m.a.ExceptionHandlerExceptionResolver - ControllerAdvice beans: 1 @ExceptionHandler, 1 ResponseBodyAdvice
2025-07-16 16:19:36 INFO  [restartedMain] o.s.b.d.a.OptionalLiveReloadServer - LiveReload server is running on port 35729
2025-07-16 16:19:36 INFO  [restartedMain] o.f.j.s.i.a.AbstractAsyncExecutor - Starting up the async job executor [org.flowable.job.service.impl.asyncexecutor.DefaultAsyncJobExecutor] for engine bpmn
2025-07-16 16:19:36 INFO  [Thread-9] o.f.j.s.i.a.ResetExpiredJobsRunnable - starting to reset expired jobs for engine bpmn
2025-07-16 16:19:36 INFO  [Thread-7] o.f.j.s.i.a.AcquireAsyncJobsDueRunnable - starting to acquire async jobs due for engine bpmn
2025-07-16 16:19:36 INFO  [Thread-8] o.f.j.s.i.a.AcquireTimerJobsRunnable - starting to acquire async jobs due for engine bpmn
2025-07-16 16:19:36 INFO  [restartedMain] o.s.b.w.e.tomcat.TomcatWebServer - Tomcat started on port 6201 (http) with context path '/'
2025-07-16 16:19:36 INFO  [restartedMain] s.l.rest.app.SmartLendingRestApp - Started SmartLendingRestApp in 7.758 seconds (process running for 8.511)
2025-07-16 16:19:56 INFO  [http-nio-6201-exec-1] o.a.c.c.C.[Tomcat].[localhost].[/] - Initializing Spring DispatcherServlet 'dispatcherServlet'
2025-07-16 16:19:56 INFO  [http-nio-6201-exec-1] o.s.web.servlet.DispatcherServlet - Initializing Servlet 'dispatcherServlet'
2025-07-16 16:19:56 DEBUG [http-nio-6201-exec-1] o.s.web.servlet.DispatcherServlet - Detected StandardServletMultipartResolver
2025-07-16 16:19:56 DEBUG [http-nio-6201-exec-1] o.s.web.servlet.DispatcherServlet - Detected AcceptHeaderLocaleResolver
2025-07-16 16:19:56 DEBUG [http-nio-6201-exec-1] o.s.web.servlet.DispatcherServlet - Detected FixedThemeResolver
2025-07-16 16:19:56 DEBUG [http-nio-6201-exec-1] o.s.web.servlet.DispatcherServlet - Detected org.springframework.web.servlet.view.DefaultRequestToViewNameTranslator@1a948aa4
2025-07-16 16:19:56 DEBUG [http-nio-6201-exec-1] o.s.web.servlet.DispatcherServlet - Detected org.springframework.web.servlet.support.SessionFlashMapManager@5ee3d37a
2025-07-16 16:19:56 DEBUG [http-nio-6201-exec-1] o.s.web.servlet.DispatcherServlet - enableLoggingRequestDetails='false': request parameters and headers will be masked to prevent unsafe logging of potentially sensitive data
2025-07-16 16:19:56 INFO  [http-nio-6201-exec-1] o.s.web.servlet.DispatcherServlet - Completed initialization in 3 ms
2025-07-16 16:19:56 DEBUG [http-nio-6201-exec-1] o.s.web.servlet.DispatcherServlet - POST "/process/demo-onboarding/acquisition", parameters={}
2025-07-16 16:19:56 DEBUG [http-nio-6201-exec-1] o.s.w.s.m.m.a.RequestMappingHandlerMapping - Mapped to smart.lending.rest.controller.DemoOnboardingController#acquisition(RequestWrapper)
2025-07-16 16:19:56 DEBUG [http-nio-6201-exec-1] o.s.w.s.m.m.a.RequestResponseBodyMethodProcessor - Read "application/json;charset=UTF-8" to [smart.lending.rest.payload.RequestWrapper@630d145e]
2025-07-16 16:19:56 INFO  [http-nio-6201-exec-1] s.l.d.process.DemoOnboardServiceTask - DemoOnboardServiceTask checkDedupe
2025-07-16 16:19:56 INFO  [http-nio-6201-exec-1] s.l.d.process.DemoOnboardServiceTask - =========DemoOnboardServiceTask getScore================
2025-07-16 16:19:56 INFO  [http-nio-6201-exec-1] s.l.d.process.DemoOnboardServiceTask - DemoOnboardServiceTask getApproval - creditScore 567.89
2025-07-16 16:19:57 DEBUG [http-nio-6201-exec-1] o.s.w.s.m.m.a.RequestResponseBodyMethodProcessor - Using 'text/plain', given [*/*] and supported [text/plain, */*, application/json, application/*+json, application/yaml]
2025-07-16 16:19:57 DEBUG [http-nio-6201-exec-1] o.s.w.s.m.m.a.RequestResponseBodyMethodProcessor - Writing ["35001"]
2025-07-16 16:19:57 DEBUG [http-nio-6201-exec-1] o.s.web.servlet.DispatcherServlet - Completed 200 OK
2025-07-16 16:22:38 INFO  [SpringApplicationShutdownHook] o.s.b.w.e.tomcat.GracefulShutdown - Commencing graceful shutdown. Waiting for active requests to complete
2025-07-16 16:22:38 INFO  [tomcat-shutdown] o.s.b.w.e.tomcat.GracefulShutdown - Graceful shutdown complete
2025-07-16 16:22:38 INFO  [SpringApplicationShutdownHook] o.f.j.s.i.a.AbstractAsyncExecutor - Shutting down the async job executor [org.flowable.job.service.impl.asyncexecutor.DefaultAsyncJobExecutor] for engine bpmn
2025-07-16 16:22:38 INFO  [flowable-bpmn-acquire-async-jobs] o.f.j.s.i.a.AcquireAsyncJobsDueRunnable - stopped async job due acquisition for engine bpmn
2025-07-16 16:22:38 INFO  [flowable-bpmn-reset-expired-jobs] o.f.j.s.i.a.ResetExpiredJobsRunnable - stopped resetting expired jobs for engine bpmn
2025-07-16 16:22:38 INFO  [flowable-bpmn-acquire-timer-jobs] o.f.j.s.i.a.AcquireTimerJobsRunnable - stopped async job due acquisition for engine bpmn
2025-07-16 16:22:38 INFO  [SpringApplicationShutdownHook] com.zaxxer.hikari.HikariDataSource - HikariPool-2 - Shutdown initiated...
2025-07-16 16:22:38 INFO  [SpringApplicationShutdownHook] com.zaxxer.hikari.HikariDataSource - HikariPool-2 - Shutdown completed.
2025-07-16 16:22:38 INFO  [SpringApplicationShutdownHook] o.s.o.j.LocalContainerEntityManagerFactoryBean - Closing JPA EntityManagerFactory for persistence unit 'platform'
2025-07-16 16:22:38 INFO  [SpringApplicationShutdownHook] com.zaxxer.hikari.HikariDataSource - HikariPool-1 - Shutdown initiated...
2025-07-16 16:22:38 INFO  [SpringApplicationShutdownHook] com.zaxxer.hikari.HikariDataSource - HikariPool-1 - Shutdown completed.
2025-07-16 16:26:10 INFO  [restartedMain] s.l.rest.app.SmartLendingRestApp - Starting SmartLendingRestApp using Java 21.0.6 with PID 5629 (/home/kitaro/dev-area/a2z-smart-lending-platform/backend/smart-lending-be/modules/smart-lending-api/smart-lending-rest-app/target/classes started by kitaro in /home/kitaro/dev-area/a2z-smart-lending-platform)
2025-07-16 16:26:10 INFO  [restartedMain] s.l.rest.app.SmartLendingRestApp - The following 1 profile is active: "uat"
2025-07-16 16:26:10 INFO  [restartedMain] o.s.b.d.e.DevToolsPropertyDefaultsPostProcessor - Devtools property defaults active! Set 'spring.devtools.add-properties' to 'false' to disable
2025-07-16 16:26:10 INFO  [restartedMain] o.s.b.d.e.DevToolsPropertyDefaultsPostProcessor - For additional web related logging consider setting the 'logging.level.web' property to 'DEBUG'
2025-07-16 16:26:11 INFO  [restartedMain] o.s.d.r.c.RepositoryConfigurationDelegate - Bootstrapping Spring Data JPA repositories in DEFAULT mode.
2025-07-16 16:26:11 INFO  [restartedMain] o.s.d.r.c.RepositoryConfigurationDelegate - Finished Spring Data repository scanning in 40 ms. Found 3 JPA repository interfaces.
2025-07-16 16:26:12 INFO  [restartedMain] o.s.b.w.e.tomcat.TomcatWebServer - Tomcat initialized with port 6201 (http)
2025-07-16 16:26:12 INFO  [restartedMain] o.a.catalina.core.StandardService - Starting service [Tomcat]
2025-07-16 16:26:12 INFO  [restartedMain] o.a.catalina.core.StandardEngine - Starting Servlet engine: [Apache Tomcat/10.1.40]
2025-07-16 16:26:12 INFO  [restartedMain] o.a.c.c.C.[Tomcat].[localhost].[/] - Initializing Spring embedded WebApplicationContext
2025-07-16 16:26:12 INFO  [restartedMain] o.s.b.w.s.c.ServletWebServerApplicationContext - Root WebApplicationContext: initialization completed in 2085 ms
2025-07-16 16:26:12 INFO  [restartedMain] s.l.domain.config.PlatformDbConfig - =========== Platform DataSource: HikariDataSource (null) ==========
2025-07-16 16:26:12 INFO  [restartedMain] o.h.jpa.internal.util.LogHelper - HHH000204: Processing PersistenceUnitInfo [name: platform]
2025-07-16 16:26:12 INFO  [restartedMain] org.hibernate.Version - HHH000412: Hibernate ORM core version 6.6.13.Final
2025-07-16 16:26:12 INFO  [restartedMain] o.h.c.i.RegionFactoryInitiator - HHH000026: Second-level cache disabled
2025-07-16 16:26:13 INFO  [restartedMain] o.s.o.j.p.SpringPersistenceUnitInfo - No LoadTimeWeaver setup: ignoring JPA class transformer
2025-07-16 16:26:13 INFO  [restartedMain] com.zaxxer.hikari.HikariDataSource - HikariPool-1 - Starting...
2025-07-16 16:26:13 INFO  [restartedMain] com.zaxxer.hikari.pool.HikariPool - HikariPool-1 - Added connection org.postgresql.jdbc.PgConnection@49a7818c
2025-07-16 16:26:13 INFO  [restartedMain] com.zaxxer.hikari.HikariDataSource - HikariPool-1 - Start completed.
2025-07-16 16:26:13 INFO  [restartedMain] o.hibernate.orm.connections.pooling - HHH10001005: Database info:
	Database JDBC URL [Connecting through datasource 'HikariDataSource (HikariPool-1)']
	Database driver: undefined/unknown
	Database version: 15.10
	Autocommit mode: undefined/unknown
	Isolation level: undefined/unknown
	Minimum pool size: undefined/unknown
	Maximum pool size: undefined/unknown
2025-07-16 16:26:14 INFO  [restartedMain] o.h.e.t.j.p.i.JtaPlatformInitiator - HHH000489: No JTA platform available (set 'hibernate.transaction.jta.platform' to enable JTA platform integration)
2025-07-16 16:26:15 INFO  [restartedMain] o.s.o.j.LocalContainerEntityManagerFactoryBean - Initialized JPA EntityManagerFactory for persistence unit 'platform'
2025-07-16 16:26:15 INFO  [restartedMain] o.s.d.j.r.query.QueryEnhancerFactory - Hibernate is in classpath; If applicable, HQL parser will be used.
2025-07-16 16:26:16 INFO  [restartedMain] s.l.domain.config.ProcessDbConfig - =========== Process DataSource: HikariDataSource (null) ==========
2025-07-16 16:26:16 INFO  [restartedMain] o.f.s.SpringProcessEngineConfiguration - Found 2 Engine Configurators in total:
2025-07-16 16:26:16 INFO  [restartedMain] o.f.s.SpringProcessEngineConfiguration - class org.flowable.eventregistry.spring.configurator.SpringEventRegistryConfigurator (priority:100000)
2025-07-16 16:26:16 INFO  [restartedMain] o.f.s.SpringProcessEngineConfiguration - class org.flowable.idm.engine.configurator.IdmEngineConfigurator (priority:150000)
2025-07-16 16:26:16 INFO  [restartedMain] o.f.s.SpringProcessEngineConfiguration - Executing beforeInit() of class org.flowable.eventregistry.spring.configurator.SpringEventRegistryConfigurator (priority:100000)
2025-07-16 16:26:16 INFO  [restartedMain] o.f.s.SpringProcessEngineConfiguration - Executing beforeInit() of class org.flowable.idm.engine.configurator.IdmEngineConfigurator (priority:150000)
2025-07-16 16:26:16 INFO  [restartedMain] com.zaxxer.hikari.HikariDataSource - HikariPool-2 - Starting...
2025-07-16 16:26:16 INFO  [restartedMain] com.zaxxer.hikari.pool.HikariPool - HikariPool-2 - Added connection org.postgresql.jdbc.PgConnection@2168ce4d
2025-07-16 16:26:16 INFO  [restartedMain] com.zaxxer.hikari.HikariDataSource - HikariPool-2 - Start completed.
2025-07-16 16:26:17 INFO  [restartedMain] o.f.c.e.i.a.DefaultAsyncTaskExecutor - Creating thread pool queue of size 100
2025-07-16 16:26:17 INFO  [restartedMain] o.f.c.e.i.a.DefaultAsyncTaskExecutor - Creating thread factory with naming pattern flowable-async-task-invoker-thread-%d
2025-07-16 16:26:17 INFO  [restartedMain] o.f.c.e.i.a.DefaultAsyncTaskExecutor - Creating executor service with corePoolSize 8, maxPoolSize 8 and keepAliveTime 5000
2025-07-16 16:26:17 INFO  [restartedMain] o.f.c.e.i.a.DefaultAsyncTaskExecutor - Using rejectedExecutionHandler java.util.concurrent.ThreadPoolExecutor$CallerRunsPolicy@3b0c045f
2025-07-16 16:26:17 INFO  [restartedMain] o.f.c.e.i.a.DefaultAsyncTaskExecutor - Creating thread pool queue of size 2048
2025-07-16 16:26:17 INFO  [restartedMain] o.f.c.e.i.a.DefaultAsyncTaskExecutor - Creating thread factory with naming pattern flowable-async-job-executor-thread-%d
2025-07-16 16:26:17 INFO  [restartedMain] o.f.c.e.i.a.DefaultAsyncTaskExecutor - Creating executor service with corePoolSize 8, maxPoolSize 8 and keepAliveTime 5000
2025-07-16 16:26:17 INFO  [restartedMain] o.f.s.SpringProcessEngineConfiguration - Executing configure() of class org.flowable.eventregistry.spring.configurator.SpringEventRegistryConfigurator (priority:100000)
2025-07-16 16:26:18 INFO  [restartedMain] liquibase.database - Set default schema name to public
2025-07-16 16:26:18 INFO  [restartedMain] liquibase.changelog - Reading from public.flw_ev_databasechangelog
2025-07-16 16:26:18 INFO  [restartedMain] liquibase.command - Command execution complete
2025-07-16 16:26:18 INFO  [restartedMain] o.f.e.impl.EventRegistryEngineImpl - EventRegistryEngine default created
2025-07-16 16:26:18 INFO  [restartedMain] o.f.s.SpringProcessEngineConfiguration - Executing configure() of class org.flowable.idm.engine.configurator.IdmEngineConfigurator (priority:150000)
2025-07-16 16:26:18 INFO  [restartedMain] o.f.idm.engine.impl.IdmEngineImpl - IdmEngine default created
2025-07-16 16:26:18 INFO  [restartedMain] o.f.engine.impl.ProcessEngineImpl - ProcessEngine default created
2025-07-16 16:26:18 INFO  [restartedMain] o.f.e.impl.cmd.ValidateV5EntitiesCmd - Total of v5 deployments found: 0
2025-07-16 16:26:19 WARN  [restartedMain] o.s.b.a.s.s.UserDetailsServiceAutoConfiguration - 

Using generated security password: 55c62ff1-c9e6-4f49-91e6-c343b3e8ad6a

This generated password is for development use only. Your security configuration must be updated before running your application in production.

2025-07-16 16:26:19 INFO  [restartedMain] o.s.s.c.a.a.c.InitializeUserDetailsBeanManagerConfigurer$InitializeUserDetailsManagerConfigurer - Global AuthenticationManager configured with UserDetailsService bean with name inMemoryUserDetailsManager
2025-07-16 16:26:19 DEBUG [restartedMain] o.s.w.s.m.m.a.RequestMappingHandlerMapping - 12 mappings in 'requestMappingHandlerMapping'
2025-07-16 16:26:19 DEBUG [restartedMain] o.s.w.s.h.SimpleUrlHandlerMapping - Patterns [/webjars/**, /**, /swagger-ui*/*swagger-initializer.js, /swagger-ui*/**] in 'resourceHandlerMapping'
2025-07-16 16:26:19 INFO  [restartedMain] o.s.v.b.OptionalValidatorFactoryBean - Failed to set up a Bean Validation provider: jakarta.validation.NoProviderFoundException: Unable to create a Configuration, because no Jakarta Bean Validation provider could be found. Add a provider like Hibernate Validator (RI) to your classpath.
2025-07-16 16:26:19 DEBUG [restartedMain] o.s.w.s.m.m.a.RequestMappingHandlerAdapter - ControllerAdvice beans: 0 @ModelAttribute, 0 @InitBinder, 1 RequestBodyAdvice, 1 ResponseBodyAdvice
2025-07-16 16:26:19 DEBUG [restartedMain] o.s.w.s.m.m.a.ExceptionHandlerExceptionResolver - ControllerAdvice beans: 1 @ExceptionHandler, 1 ResponseBodyAdvice
2025-07-16 16:26:20 INFO  [restartedMain] o.s.b.d.a.OptionalLiveReloadServer - LiveReload server is running on port 35729
2025-07-16 16:26:20 INFO  [restartedMain] o.f.j.s.i.a.AbstractAsyncExecutor - Starting up the async job executor [org.flowable.job.service.impl.asyncexecutor.DefaultAsyncJobExecutor] for engine bpmn
2025-07-16 16:26:20 INFO  [Thread-7] o.f.j.s.i.a.AcquireAsyncJobsDueRunnable - starting to acquire async jobs due for engine bpmn
2025-07-16 16:26:20 INFO  [Thread-8] o.f.j.s.i.a.AcquireTimerJobsRunnable - starting to acquire async jobs due for engine bpmn
2025-07-16 16:26:20 INFO  [Thread-9] o.f.j.s.i.a.ResetExpiredJobsRunnable - starting to reset expired jobs for engine bpmn
2025-07-16 16:26:20 INFO  [restartedMain] o.s.b.w.e.tomcat.TomcatWebServer - Tomcat started on port 6201 (http) with context path '/'
2025-07-16 16:26:20 INFO  [restartedMain] s.l.rest.app.SmartLendingRestApp - Started SmartLendingRestApp in 10.229 seconds (process running for 10.961)
2025-07-16 16:26:30 INFO  [File Watcher] o.s.b.d.a.LocalDevToolsAutoConfiguration$RestartingClassPathChangeChangedEventListener - Restarting due to 2 class path changes (0 additions, 0 deletions, 2 modifications)
2025-07-16 16:26:30 INFO  [Thread-5] o.s.b.w.e.tomcat.GracefulShutdown - Commencing graceful shutdown. Waiting for active requests to complete
2025-07-16 16:26:30 INFO  [tomcat-shutdown] o.s.b.w.e.tomcat.GracefulShutdown - Graceful shutdown complete
2025-07-16 16:26:30 INFO  [Thread-5] o.f.j.s.i.a.AbstractAsyncExecutor - Shutting down the async job executor [org.flowable.job.service.impl.asyncexecutor.DefaultAsyncJobExecutor] for engine bpmn
2025-07-16 16:26:30 INFO  [flowable-bpmn-acquire-timer-jobs] o.f.j.s.i.a.AcquireTimerJobsRunnable - stopped async job due acquisition for engine bpmn
2025-07-16 16:26:30 INFO  [flowable-bpmn-acquire-async-jobs] o.f.j.s.i.a.AcquireAsyncJobsDueRunnable - stopped async job due acquisition for engine bpmn
2025-07-16 16:26:30 INFO  [flowable-bpmn-reset-expired-jobs] o.f.j.s.i.a.ResetExpiredJobsRunnable - stopped resetting expired jobs for engine bpmn
2025-07-16 16:26:30 INFO  [Thread-5] com.zaxxer.hikari.HikariDataSource - HikariPool-2 - Shutdown initiated...
2025-07-16 16:26:30 INFO  [Thread-5] com.zaxxer.hikari.HikariDataSource - HikariPool-2 - Shutdown completed.
2025-07-16 16:26:30 INFO  [Thread-5] o.s.o.j.LocalContainerEntityManagerFactoryBean - Closing JPA EntityManagerFactory for persistence unit 'platform'
2025-07-16 16:26:30 INFO  [Thread-5] com.zaxxer.hikari.HikariDataSource - HikariPool-1 - Shutdown initiated...
2025-07-16 16:26:30 INFO  [Thread-5] com.zaxxer.hikari.HikariDataSource - HikariPool-1 - Shutdown completed.
2025-07-16 16:26:30 INFO  [restartedMain] s.l.rest.app.SmartLendingRestApp - Starting SmartLendingRestApp using Java 21.0.6 with PID 5629 (/home/kitaro/dev-area/a2z-smart-lending-platform/backend/smart-lending-be/modules/smart-lending-api/smart-lending-rest-app/target/classes started by kitaro in /home/kitaro/dev-area/a2z-smart-lending-platform)
2025-07-16 16:26:30 INFO  [restartedMain] s.l.rest.app.SmartLendingRestApp - The following 1 profile is active: "uat"
2025-07-16 16:26:30 INFO  [restartedMain] o.s.d.r.c.RepositoryConfigurationDelegate - Bootstrapping Spring Data JPA repositories in DEFAULT mode.
2025-07-16 16:26:30 INFO  [restartedMain] o.s.d.r.c.RepositoryConfigurationDelegate - Finished Spring Data repository scanning in 8 ms. Found 3 JPA repository interfaces.
2025-07-16 16:26:31 INFO  [restartedMain] o.s.b.w.e.tomcat.TomcatWebServer - Tomcat initialized with port 6201 (http)
2025-07-16 16:26:31 INFO  [restartedMain] o.a.catalina.core.StandardService - Starting service [Tomcat]
2025-07-16 16:26:31 INFO  [restartedMain] o.a.catalina.core.StandardEngine - Starting Servlet engine: [Apache Tomcat/10.1.40]
2025-07-16 16:26:31 INFO  [restartedMain] o.a.c.c.C.[Tomcat].[localhost].[/] - Initializing Spring embedded WebApplicationContext
2025-07-16 16:26:31 INFO  [restartedMain] o.s.b.w.s.c.ServletWebServerApplicationContext - Root WebApplicationContext: initialization completed in 483 ms
2025-07-16 16:26:31 INFO  [restartedMain] s.l.domain.config.PlatformDbConfig - =========== Platform DataSource: HikariDataSource (null) ==========
2025-07-16 16:26:31 INFO  [restartedMain] o.h.jpa.internal.util.LogHelper - HHH000204: Processing PersistenceUnitInfo [name: platform]
2025-07-16 16:26:31 INFO  [restartedMain] o.h.c.i.RegionFactoryInitiator - HHH000026: Second-level cache disabled
2025-07-16 16:26:31 INFO  [restartedMain] o.s.o.j.p.SpringPersistenceUnitInfo - No LoadTimeWeaver setup: ignoring JPA class transformer
2025-07-16 16:26:31 INFO  [restartedMain] com.zaxxer.hikari.HikariDataSource - HikariPool-3 - Starting...
2025-07-16 16:26:31 INFO  [restartedMain] com.zaxxer.hikari.pool.HikariPool - HikariPool-3 - Added connection org.postgresql.jdbc.PgConnection@7191eb23
2025-07-16 16:26:31 INFO  [restartedMain] com.zaxxer.hikari.HikariDataSource - HikariPool-3 - Start completed.
2025-07-16 16:26:31 INFO  [restartedMain] o.hibernate.orm.connections.pooling - HHH10001005: Database info:
	Database JDBC URL [Connecting through datasource 'HikariDataSource (HikariPool-3)']
	Database driver: undefined/unknown
	Database version: 15.10
	Autocommit mode: undefined/unknown
	Isolation level: undefined/unknown
	Minimum pool size: undefined/unknown
	Maximum pool size: undefined/unknown
2025-07-16 16:26:31 INFO  [restartedMain] o.h.e.t.j.p.i.JtaPlatformInitiator - HHH000489: No JTA platform available (set 'hibernate.transaction.jta.platform' to enable JTA platform integration)
2025-07-16 16:26:31 INFO  [restartedMain] o.s.o.j.LocalContainerEntityManagerFactoryBean - Initialized JPA EntityManagerFactory for persistence unit 'platform'
2025-07-16 16:26:31 INFO  [restartedMain] s.l.domain.config.ProcessDbConfig - =========== Process DataSource: HikariDataSource (null) ==========
2025-07-16 16:26:31 INFO  [restartedMain] o.f.s.SpringProcessEngineConfiguration - Found 2 Engine Configurators in total:
2025-07-16 16:26:31 INFO  [restartedMain] o.f.s.SpringProcessEngineConfiguration - class org.flowable.eventregistry.spring.configurator.SpringEventRegistryConfigurator (priority:100000)
2025-07-16 16:26:31 INFO  [restartedMain] o.f.s.SpringProcessEngineConfiguration - class org.flowable.idm.engine.configurator.IdmEngineConfigurator (priority:150000)
2025-07-16 16:26:31 INFO  [restartedMain] o.f.s.SpringProcessEngineConfiguration - Executing beforeInit() of class org.flowable.eventregistry.spring.configurator.SpringEventRegistryConfigurator (priority:100000)
2025-07-16 16:26:31 INFO  [restartedMain] o.f.s.SpringProcessEngineConfiguration - Executing beforeInit() of class org.flowable.idm.engine.configurator.IdmEngineConfigurator (priority:150000)
2025-07-16 16:26:31 INFO  [restartedMain] com.zaxxer.hikari.HikariDataSource - HikariPool-4 - Starting...
2025-07-16 16:26:31 INFO  [restartedMain] com.zaxxer.hikari.pool.HikariPool - HikariPool-4 - Added connection org.postgresql.jdbc.PgConnection@361241a9
2025-07-16 16:26:31 INFO  [restartedMain] com.zaxxer.hikari.HikariDataSource - HikariPool-4 - Start completed.
2025-07-16 16:26:32 INFO  [restartedMain] o.f.c.e.i.a.DefaultAsyncTaskExecutor - Creating thread pool queue of size 100
2025-07-16 16:26:32 INFO  [restartedMain] o.f.c.e.i.a.DefaultAsyncTaskExecutor - Creating thread factory with naming pattern flowable-async-task-invoker-thread-%d
2025-07-16 16:26:32 INFO  [restartedMain] o.f.c.e.i.a.DefaultAsyncTaskExecutor - Creating executor service with corePoolSize 8, maxPoolSize 8 and keepAliveTime 5000
2025-07-16 16:26:32 INFO  [restartedMain] o.f.c.e.i.a.DefaultAsyncTaskExecutor - Using rejectedExecutionHandler java.util.concurrent.ThreadPoolExecutor$CallerRunsPolicy@5a6f9b02
2025-07-16 16:26:32 INFO  [restartedMain] o.f.c.e.i.a.DefaultAsyncTaskExecutor - Creating thread pool queue of size 2048
2025-07-16 16:26:32 INFO  [restartedMain] o.f.c.e.i.a.DefaultAsyncTaskExecutor - Creating thread factory with naming pattern flowable-async-job-executor-thread-%d
2025-07-16 16:26:32 INFO  [restartedMain] o.f.c.e.i.a.DefaultAsyncTaskExecutor - Creating executor service with corePoolSize 8, maxPoolSize 8 and keepAliveTime 5000
2025-07-16 16:26:32 INFO  [restartedMain] o.f.s.SpringProcessEngineConfiguration - Executing configure() of class org.flowable.eventregistry.spring.configurator.SpringEventRegistryConfigurator (priority:100000)
2025-07-16 16:26:32 INFO  [restartedMain] liquibase.database - Set default schema name to public
2025-07-16 16:26:32 INFO  [restartedMain] liquibase.changelog - Reading from public.flw_ev_databasechangelog
2025-07-16 16:26:32 INFO  [restartedMain] liquibase.command - Command execution complete
2025-07-16 16:26:32 INFO  [restartedMain] o.f.e.impl.EventRegistryEngineImpl - EventRegistryEngine default created
2025-07-16 16:26:32 INFO  [restartedMain] o.f.s.SpringProcessEngineConfiguration - Executing configure() of class org.flowable.idm.engine.configurator.IdmEngineConfigurator (priority:150000)
2025-07-16 16:26:32 INFO  [restartedMain] o.f.idm.engine.impl.IdmEngineImpl - IdmEngine default created
2025-07-16 16:26:32 INFO  [restartedMain] o.f.engine.impl.ProcessEngineImpl - ProcessEngine default created
2025-07-16 16:26:32 INFO  [restartedMain] o.f.e.impl.cmd.ValidateV5EntitiesCmd - Total of v5 deployments found: 0
2025-07-16 16:26:32 WARN  [restartedMain] o.s.b.a.s.s.UserDetailsServiceAutoConfiguration - 

Using generated security password: 51f1a997-f70f-4173-90b2-7296979d727e

This generated password is for development use only. Your security configuration must be updated before running your application in production.

2025-07-16 16:26:32 INFO  [restartedMain] o.s.s.c.a.a.c.InitializeUserDetailsBeanManagerConfigurer$InitializeUserDetailsManagerConfigurer - Global AuthenticationManager configured with UserDetailsService bean with name inMemoryUserDetailsManager
2025-07-16 16:26:32 DEBUG [restartedMain] o.s.w.s.m.m.a.RequestMappingHandlerMapping - 12 mappings in 'requestMappingHandlerMapping'
2025-07-16 16:26:32 DEBUG [restartedMain] o.s.w.s.h.SimpleUrlHandlerMapping - Patterns [/webjars/**, /**, /swagger-ui*/*swagger-initializer.js, /swagger-ui*/**] in 'resourceHandlerMapping'
2025-07-16 16:26:32 INFO  [restartedMain] o.s.v.b.OptionalValidatorFactoryBean - Failed to set up a Bean Validation provider: jakarta.validation.NoProviderFoundException: Unable to create a Configuration, because no Jakarta Bean Validation provider could be found. Add a provider like Hibernate Validator (RI) to your classpath.
2025-07-16 16:26:32 DEBUG [restartedMain] o.s.w.s.m.m.a.RequestMappingHandlerAdapter - ControllerAdvice beans: 0 @ModelAttribute, 0 @InitBinder, 1 RequestBodyAdvice, 1 ResponseBodyAdvice
2025-07-16 16:26:32 DEBUG [restartedMain] o.s.w.s.m.m.a.ExceptionHandlerExceptionResolver - ControllerAdvice beans: 1 @ExceptionHandler, 1 ResponseBodyAdvice
2025-07-16 16:26:32 INFO  [restartedMain] o.s.b.d.a.OptionalLiveReloadServer - LiveReload server is running on port 35729
2025-07-16 16:26:32 INFO  [restartedMain] o.f.j.s.i.a.AbstractAsyncExecutor - Starting up the async job executor [org.flowable.job.service.impl.asyncexecutor.DefaultAsyncJobExecutor] for engine bpmn
2025-07-16 16:26:32 INFO  [Thread-14] o.f.j.s.i.a.AcquireAsyncJobsDueRunnable - starting to acquire async jobs due for engine bpmn
2025-07-16 16:26:32 INFO  [Thread-16] o.f.j.s.i.a.ResetExpiredJobsRunnable - starting to reset expired jobs for engine bpmn
2025-07-16 16:26:32 INFO  [Thread-15] o.f.j.s.i.a.AcquireTimerJobsRunnable - starting to acquire async jobs due for engine bpmn
2025-07-16 16:26:32 INFO  [restartedMain] o.s.b.w.e.tomcat.TomcatWebServer - Tomcat started on port 6201 (http) with context path '/'
2025-07-16 16:26:32 INFO  [restartedMain] s.l.rest.app.SmartLendingRestApp - Started SmartLendingRestApp in 2.385 seconds (process running for 24.833)
2025-07-16 16:26:32 INFO  [restartedMain] o.s.b.d.a.ConditionEvaluationDeltaLoggingListener - Condition evaluation unchanged
2025-07-16 16:26:43 INFO  [http-nio-6201-exec-1] o.a.c.c.C.[Tomcat].[localhost].[/] - Initializing Spring DispatcherServlet 'dispatcherServlet'
2025-07-16 16:26:43 INFO  [http-nio-6201-exec-1] o.s.web.servlet.DispatcherServlet - Initializing Servlet 'dispatcherServlet'
2025-07-16 16:26:43 DEBUG [http-nio-6201-exec-1] o.s.web.servlet.DispatcherServlet - Detected StandardServletMultipartResolver
2025-07-16 16:26:43 DEBUG [http-nio-6201-exec-1] o.s.web.servlet.DispatcherServlet - Detected AcceptHeaderLocaleResolver
2025-07-16 16:26:43 DEBUG [http-nio-6201-exec-1] o.s.web.servlet.DispatcherServlet - Detected FixedThemeResolver
2025-07-16 16:26:43 DEBUG [http-nio-6201-exec-1] o.s.web.servlet.DispatcherServlet - Detected org.springframework.web.servlet.view.DefaultRequestToViewNameTranslator@71a7d610
2025-07-16 16:26:43 DEBUG [http-nio-6201-exec-1] o.s.web.servlet.DispatcherServlet - Detected org.springframework.web.servlet.support.SessionFlashMapManager@5e37abf5
2025-07-16 16:26:43 DEBUG [http-nio-6201-exec-1] o.s.web.servlet.DispatcherServlet - enableLoggingRequestDetails='false': request parameters and headers will be masked to prevent unsafe logging of potentially sensitive data
2025-07-16 16:26:43 INFO  [http-nio-6201-exec-1] o.s.web.servlet.DispatcherServlet - Completed initialization in 2 ms
2025-07-16 16:26:43 DEBUG [http-nio-6201-exec-1] o.s.web.servlet.DispatcherServlet - POST "/process/demo-onboarding/acquisition", parameters={}
2025-07-16 16:26:43 DEBUG [http-nio-6201-exec-1] o.s.w.s.m.m.a.RequestMappingHandlerMapping - Mapped to smart.lending.rest.controller.DemoOnboardingController#acquisition(RequestWrapper)
2025-07-16 16:26:43 DEBUG [http-nio-6201-exec-1] o.s.w.s.m.m.a.RequestResponseBodyMethodProcessor - Read "application/json;charset=UTF-8" to [smart.lending.rest.payload.RequestWrapper@4e2573f7]
2025-07-16 16:26:43 INFO  [http-nio-6201-exec-1] s.l.d.process.DemoOnboardServiceTask - DemoOnboardServiceTask checkDedupe
2025-07-16 16:26:43 INFO  [http-nio-6201-exec-1] s.l.d.process.DemoOnboardServiceTask - =========DemoOnboardServiceTask getScore================
2025-07-16 16:26:43 INFO  [http-nio-6201-exec-1] s.l.d.process.DemoOnboardServiceTask - DemoOnboardServiceTask getApproval - creditScore 567.89
2025-07-16 16:26:43 DEBUG [http-nio-6201-exec-1] o.s.w.s.m.m.a.RequestResponseBodyMethodProcessor - Using 'text/plain', given [*/*] and supported [text/plain, */*, application/json, application/*+json, application/yaml]
2025-07-16 16:26:43 DEBUG [http-nio-6201-exec-1] o.s.w.s.m.m.a.RequestResponseBodyMethodProcessor - Writing ["37501"]
2025-07-16 16:26:43 DEBUG [http-nio-6201-exec-1] o.s.web.servlet.DispatcherServlet - Completed 200 OK
2025-07-16 16:27:13 INFO  [SpringApplicationShutdownHook] o.s.b.w.e.tomcat.GracefulShutdown - Commencing graceful shutdown. Waiting for active requests to complete
2025-07-16 16:27:13 INFO  [tomcat-shutdown] o.s.b.w.e.tomcat.GracefulShutdown - Graceful shutdown complete
2025-07-16 16:27:13 INFO  [SpringApplicationShutdownHook] o.f.j.s.i.a.AbstractAsyncExecutor - Shutting down the async job executor [org.flowable.job.service.impl.asyncexecutor.DefaultAsyncJobExecutor] for engine bpmn
2025-07-16 16:27:13 INFO  [flowable-bpmn-acquire-async-jobs] o.f.j.s.i.a.AcquireAsyncJobsDueRunnable - stopped async job due acquisition for engine bpmn
2025-07-16 16:27:13 INFO  [flowable-bpmn-acquire-timer-jobs] o.f.j.s.i.a.AcquireTimerJobsRunnable - stopped async job due acquisition for engine bpmn
2025-07-16 16:27:13 INFO  [flowable-bpmn-reset-expired-jobs] o.f.j.s.i.a.ResetExpiredJobsRunnable - stopped resetting expired jobs for engine bpmn
2025-07-16 16:27:13 INFO  [SpringApplicationShutdownHook] com.zaxxer.hikari.HikariDataSource - HikariPool-4 - Shutdown initiated...
2025-07-16 16:27:13 INFO  [SpringApplicationShutdownHook] com.zaxxer.hikari.HikariDataSource - HikariPool-4 - Shutdown completed.
2025-07-16 16:27:13 INFO  [SpringApplicationShutdownHook] o.s.o.j.LocalContainerEntityManagerFactoryBean - Closing JPA EntityManagerFactory for persistence unit 'platform'
2025-07-16 16:27:13 INFO  [SpringApplicationShutdownHook] com.zaxxer.hikari.HikariDataSource - HikariPool-3 - Shutdown initiated...
2025-07-16 16:27:13 INFO  [SpringApplicationShutdownHook] com.zaxxer.hikari.HikariDataSource - HikariPool-3 - Shutdown completed.
2025-07-16 16:29:39 INFO  [restartedMain] s.l.rest.app.SmartLendingRestApp - Starting SmartLendingRestApp using Java 21.0.6 with PID 17326 (/home/kitaro/dev-area/a2z-smart-lending-platform/backend/smart-lending-be/modules/smart-lending-api/smart-lending-rest-app/target/classes started by kitaro in /home/kitaro/dev-area/a2z-smart-lending-platform)
2025-07-16 16:29:39 INFO  [restartedMain] s.l.rest.app.SmartLendingRestApp - The following 1 profile is active: "uat"
2025-07-16 16:29:39 INFO  [restartedMain] o.s.b.d.e.DevToolsPropertyDefaultsPostProcessor - Devtools property defaults active! Set 'spring.devtools.add-properties' to 'false' to disable
2025-07-16 16:29:39 INFO  [restartedMain] o.s.b.d.e.DevToolsPropertyDefaultsPostProcessor - For additional web related logging consider setting the 'logging.level.web' property to 'DEBUG'
2025-07-16 16:29:40 INFO  [restartedMain] o.s.d.r.c.RepositoryConfigurationDelegate - Bootstrapping Spring Data JPA repositories in DEFAULT mode.
2025-07-16 16:29:40 INFO  [restartedMain] o.s.d.r.c.RepositoryConfigurationDelegate - Finished Spring Data repository scanning in 33 ms. Found 3 JPA repository interfaces.
2025-07-16 16:29:41 INFO  [restartedMain] o.s.b.w.e.tomcat.TomcatWebServer - Tomcat initialized with port 6201 (http)
2025-07-16 16:29:41 INFO  [restartedMain] o.a.catalina.core.StandardService - Starting service [Tomcat]
2025-07-16 16:29:41 INFO  [restartedMain] o.a.catalina.core.StandardEngine - Starting Servlet engine: [Apache Tomcat/10.1.40]
2025-07-16 16:29:41 INFO  [restartedMain] o.a.c.c.C.[Tomcat].[localhost].[/] - Initializing Spring embedded WebApplicationContext
2025-07-16 16:29:41 INFO  [restartedMain] o.s.b.w.s.c.ServletWebServerApplicationContext - Root WebApplicationContext: initialization completed in 1609 ms
2025-07-16 16:29:41 INFO  [restartedMain] s.l.domain.config.PlatformDbConfig - =========== Platform DataSource: HikariDataSource (null) ==========
2025-07-16 16:29:41 INFO  [restartedMain] o.h.jpa.internal.util.LogHelper - HHH000204: Processing PersistenceUnitInfo [name: platform]
2025-07-16 16:29:41 INFO  [restartedMain] org.hibernate.Version - HHH000412: Hibernate ORM core version 6.6.13.Final
2025-07-16 16:29:41 INFO  [restartedMain] o.h.c.i.RegionFactoryInitiator - HHH000026: Second-level cache disabled
2025-07-16 16:29:41 INFO  [restartedMain] o.s.o.j.p.SpringPersistenceUnitInfo - No LoadTimeWeaver setup: ignoring JPA class transformer
2025-07-16 16:29:41 INFO  [restartedMain] com.zaxxer.hikari.HikariDataSource - HikariPool-1 - Starting...
2025-07-16 16:29:41 INFO  [restartedMain] com.zaxxer.hikari.pool.HikariPool - HikariPool-1 - Added connection org.postgresql.jdbc.PgConnection@5c5c6306
2025-07-16 16:29:41 INFO  [restartedMain] com.zaxxer.hikari.HikariDataSource - HikariPool-1 - Start completed.
2025-07-16 16:29:41 INFO  [restartedMain] o.hibernate.orm.connections.pooling - HHH10001005: Database info:
	Database JDBC URL [Connecting through datasource 'HikariDataSource (HikariPool-1)']
	Database driver: undefined/unknown
	Database version: 15.10
	Autocommit mode: undefined/unknown
	Isolation level: undefined/unknown
	Minimum pool size: undefined/unknown
	Maximum pool size: undefined/unknown
2025-07-16 16:29:42 INFO  [restartedMain] o.h.e.t.j.p.i.JtaPlatformInitiator - HHH000489: No JTA platform available (set 'hibernate.transaction.jta.platform' to enable JTA platform integration)
2025-07-16 16:29:42 INFO  [restartedMain] o.s.o.j.LocalContainerEntityManagerFactoryBean - Initialized JPA EntityManagerFactory for persistence unit 'platform'
2025-07-16 16:29:42 INFO  [restartedMain] o.s.d.j.r.query.QueryEnhancerFactory - Hibernate is in classpath; If applicable, HQL parser will be used.
2025-07-16 16:29:43 INFO  [restartedMain] s.l.domain.config.ProcessDbConfig - =========== Process DataSource: HikariDataSource (null) ==========
2025-07-16 16:29:43 INFO  [restartedMain] o.f.s.SpringProcessEngineConfiguration - Found 2 Engine Configurators in total:
2025-07-16 16:29:43 INFO  [restartedMain] o.f.s.SpringProcessEngineConfiguration - class org.flowable.eventregistry.spring.configurator.SpringEventRegistryConfigurator (priority:100000)
2025-07-16 16:29:43 INFO  [restartedMain] o.f.s.SpringProcessEngineConfiguration - class org.flowable.idm.engine.configurator.IdmEngineConfigurator (priority:150000)
2025-07-16 16:29:43 INFO  [restartedMain] o.f.s.SpringProcessEngineConfiguration - Executing beforeInit() of class org.flowable.eventregistry.spring.configurator.SpringEventRegistryConfigurator (priority:100000)
2025-07-16 16:29:43 INFO  [restartedMain] o.f.s.SpringProcessEngineConfiguration - Executing beforeInit() of class org.flowable.idm.engine.configurator.IdmEngineConfigurator (priority:150000)
2025-07-16 16:29:43 INFO  [restartedMain] com.zaxxer.hikari.HikariDataSource - HikariPool-2 - Starting...
2025-07-16 16:29:43 INFO  [restartedMain] com.zaxxer.hikari.pool.HikariPool - HikariPool-2 - Added connection org.postgresql.jdbc.PgConnection@7f662121
2025-07-16 16:29:43 INFO  [restartedMain] com.zaxxer.hikari.HikariDataSource - HikariPool-2 - Start completed.
2025-07-16 16:29:44 INFO  [restartedMain] o.f.c.e.i.a.DefaultAsyncTaskExecutor - Creating thread pool queue of size 100
2025-07-16 16:29:44 INFO  [restartedMain] o.f.c.e.i.a.DefaultAsyncTaskExecutor - Creating thread factory with naming pattern flowable-async-task-invoker-thread-%d
2025-07-16 16:29:44 INFO  [restartedMain] o.f.c.e.i.a.DefaultAsyncTaskExecutor - Creating executor service with corePoolSize 8, maxPoolSize 8 and keepAliveTime 5000
2025-07-16 16:29:44 INFO  [restartedMain] o.f.c.e.i.a.DefaultAsyncTaskExecutor - Using rejectedExecutionHandler java.util.concurrent.ThreadPoolExecutor$CallerRunsPolicy@70c513d3
2025-07-16 16:29:44 INFO  [restartedMain] o.f.c.e.i.a.DefaultAsyncTaskExecutor - Creating thread pool queue of size 2048
2025-07-16 16:29:44 INFO  [restartedMain] o.f.c.e.i.a.DefaultAsyncTaskExecutor - Creating thread factory with naming pattern flowable-async-job-executor-thread-%d
2025-07-16 16:29:44 INFO  [restartedMain] o.f.c.e.i.a.DefaultAsyncTaskExecutor - Creating executor service with corePoolSize 8, maxPoolSize 8 and keepAliveTime 5000
2025-07-16 16:29:44 INFO  [restartedMain] o.f.s.SpringProcessEngineConfiguration - Executing configure() of class org.flowable.eventregistry.spring.configurator.SpringEventRegistryConfigurator (priority:100000)
2025-07-16 16:29:44 INFO  [restartedMain] liquibase.database - Set default schema name to public
2025-07-16 16:29:45 INFO  [restartedMain] liquibase.changelog - Reading from public.flw_ev_databasechangelog
2025-07-16 16:29:45 INFO  [restartedMain] liquibase.command - Command execution complete
2025-07-16 16:29:45 INFO  [restartedMain] o.f.e.impl.EventRegistryEngineImpl - EventRegistryEngine default created
2025-07-16 16:29:45 INFO  [restartedMain] o.f.s.SpringProcessEngineConfiguration - Executing configure() of class org.flowable.idm.engine.configurator.IdmEngineConfigurator (priority:150000)
2025-07-16 16:29:45 INFO  [restartedMain] o.f.idm.engine.impl.IdmEngineImpl - IdmEngine default created
2025-07-16 16:29:45 INFO  [restartedMain] o.f.engine.impl.ProcessEngineImpl - ProcessEngine default created
2025-07-16 16:29:45 INFO  [restartedMain] o.f.e.impl.cmd.ValidateV5EntitiesCmd - Total of v5 deployments found: 0
2025-07-16 16:29:45 WARN  [restartedMain] o.s.b.a.s.s.UserDetailsServiceAutoConfiguration - 

Using generated security password: b2f5f51f-cda0-45c5-a4cf-f8a6cdaf6611

This generated password is for development use only. Your security configuration must be updated before running your application in production.

2025-07-16 16:29:45 INFO  [restartedMain] o.s.s.c.a.a.c.InitializeUserDetailsBeanManagerConfigurer$InitializeUserDetailsManagerConfigurer - Global AuthenticationManager configured with UserDetailsService bean with name inMemoryUserDetailsManager
2025-07-16 16:29:45 DEBUG [restartedMain] o.s.w.s.m.m.a.RequestMappingHandlerMapping - 12 mappings in 'requestMappingHandlerMapping'
2025-07-16 16:29:45 DEBUG [restartedMain] o.s.w.s.h.SimpleUrlHandlerMapping - Patterns [/webjars/**, /**, /swagger-ui*/*swagger-initializer.js, /swagger-ui*/**] in 'resourceHandlerMapping'
2025-07-16 16:29:46 INFO  [restartedMain] o.s.v.b.OptionalValidatorFactoryBean - Failed to set up a Bean Validation provider: jakarta.validation.NoProviderFoundException: Unable to create a Configuration, because no Jakarta Bean Validation provider could be found. Add a provider like Hibernate Validator (RI) to your classpath.
2025-07-16 16:29:46 DEBUG [restartedMain] o.s.w.s.m.m.a.RequestMappingHandlerAdapter - ControllerAdvice beans: 0 @ModelAttribute, 0 @InitBinder, 1 RequestBodyAdvice, 1 ResponseBodyAdvice
2025-07-16 16:29:46 DEBUG [restartedMain] o.s.w.s.m.m.a.ExceptionHandlerExceptionResolver - ControllerAdvice beans: 1 @ExceptionHandler, 1 ResponseBodyAdvice
2025-07-16 16:29:46 INFO  [restartedMain] o.s.b.d.a.OptionalLiveReloadServer - LiveReload server is running on port 35729
2025-07-16 16:29:46 INFO  [restartedMain] o.f.j.s.i.a.AbstractAsyncExecutor - Starting up the async job executor [org.flowable.job.service.impl.asyncexecutor.DefaultAsyncJobExecutor] for engine bpmn
2025-07-16 16:29:46 INFO  [Thread-9] o.f.j.s.i.a.ResetExpiredJobsRunnable - starting to reset expired jobs for engine bpmn
2025-07-16 16:29:46 INFO  [Thread-7] o.f.j.s.i.a.AcquireAsyncJobsDueRunnable - starting to acquire async jobs due for engine bpmn
2025-07-16 16:29:46 INFO  [Thread-8] o.f.j.s.i.a.AcquireTimerJobsRunnable - starting to acquire async jobs due for engine bpmn
2025-07-16 16:29:46 INFO  [restartedMain] o.s.b.w.e.tomcat.TomcatWebServer - Tomcat started on port 6201 (http) with context path '/'
2025-07-16 16:29:46 INFO  [restartedMain] s.l.rest.app.SmartLendingRestApp - Started SmartLendingRestApp in 7.414 seconds (process running for 8.028)
2025-07-16 16:29:56 INFO  [http-nio-6201-exec-1] o.a.c.c.C.[Tomcat].[localhost].[/] - Initializing Spring DispatcherServlet 'dispatcherServlet'
2025-07-16 16:29:56 INFO  [http-nio-6201-exec-1] o.s.web.servlet.DispatcherServlet - Initializing Servlet 'dispatcherServlet'
2025-07-16 16:29:56 DEBUG [http-nio-6201-exec-1] o.s.web.servlet.DispatcherServlet - Detected StandardServletMultipartResolver
2025-07-16 16:29:56 DEBUG [http-nio-6201-exec-1] o.s.web.servlet.DispatcherServlet - Detected AcceptHeaderLocaleResolver
2025-07-16 16:29:56 DEBUG [http-nio-6201-exec-1] o.s.web.servlet.DispatcherServlet - Detected FixedThemeResolver
2025-07-16 16:29:56 DEBUG [http-nio-6201-exec-1] o.s.web.servlet.DispatcherServlet - Detected org.springframework.web.servlet.view.DefaultRequestToViewNameTranslator@364348d1
2025-07-16 16:29:56 DEBUG [http-nio-6201-exec-1] o.s.web.servlet.DispatcherServlet - Detected org.springframework.web.servlet.support.SessionFlashMapManager@7b9271ac
2025-07-16 16:29:56 DEBUG [http-nio-6201-exec-1] o.s.web.servlet.DispatcherServlet - enableLoggingRequestDetails='false': request parameters and headers will be masked to prevent unsafe logging of potentially sensitive data
2025-07-16 16:29:56 INFO  [http-nio-6201-exec-1] o.s.web.servlet.DispatcherServlet - Completed initialization in 7 ms
2025-07-16 16:29:56 DEBUG [http-nio-6201-exec-1] o.s.web.servlet.DispatcherServlet - POST "/process/demo-onboarding/acquisition", parameters={}
2025-07-16 16:29:56 DEBUG [http-nio-6201-exec-1] o.s.w.s.m.m.a.RequestMappingHandlerMapping - Mapped to smart.lending.rest.controller.DemoOnboardingController#acquisition(RequestWrapper)
2025-07-16 16:29:57 DEBUG [http-nio-6201-exec-1] o.s.w.s.m.m.a.RequestResponseBodyMethodProcessor - Read "application/json;charset=UTF-8" to [smart.lending.rest.payload.RequestWrapper@4f342b8a]
2025-07-16 16:29:57 INFO  [http-nio-6201-exec-1] s.l.d.process.DemoOnboardServiceTask - DemoOnboardServiceTask checkDedupe
2025-07-16 16:29:57 INFO  [http-nio-6201-exec-1] s.l.d.process.DemoOnboardServiceTask - =========DemoOnboardServiceTask getScore================
2025-07-16 16:29:57 INFO  [http-nio-6201-exec-1] s.l.d.process.DemoOnboardServiceTask - DemoOnboardServiceTask getApproval - creditScore 567.89
2025-07-16 16:29:57 DEBUG [http-nio-6201-exec-1] o.s.w.s.m.m.a.RequestResponseBodyMethodProcessor - Using 'text/plain', given [*/*] and supported [text/plain, */*, application/json, application/*+json, application/yaml]
2025-07-16 16:29:57 DEBUG [http-nio-6201-exec-1] o.s.w.s.m.m.a.RequestResponseBodyMethodProcessor - Writing ["40001"]
2025-07-16 16:29:57 DEBUG [http-nio-6201-exec-1] o.s.web.servlet.DispatcherServlet - Completed 200 OK
2025-07-16 16:30:42 INFO  [SpringApplicationShutdownHook] o.s.b.w.e.tomcat.GracefulShutdown - Commencing graceful shutdown. Waiting for active requests to complete
2025-07-16 16:30:42 INFO  [tomcat-shutdown] o.s.b.w.e.tomcat.GracefulShutdown - Graceful shutdown complete
2025-07-16 16:30:42 INFO  [SpringApplicationShutdownHook] o.f.j.s.i.a.AbstractAsyncExecutor - Shutting down the async job executor [org.flowable.job.service.impl.asyncexecutor.DefaultAsyncJobExecutor] for engine bpmn
2025-07-16 16:30:42 INFO  [flowable-bpmn-acquire-timer-jobs] o.f.j.s.i.a.AcquireTimerJobsRunnable - stopped async job due acquisition for engine bpmn
2025-07-16 16:30:42 INFO  [flowable-bpmn-acquire-async-jobs] o.f.j.s.i.a.AcquireAsyncJobsDueRunnable - stopped async job due acquisition for engine bpmn
2025-07-16 16:30:42 INFO  [flowable-bpmn-reset-expired-jobs] o.f.j.s.i.a.ResetExpiredJobsRunnable - stopped resetting expired jobs for engine bpmn
2025-07-16 16:30:42 INFO  [SpringApplicationShutdownHook] com.zaxxer.hikari.HikariDataSource - HikariPool-2 - Shutdown initiated...
2025-07-16 16:30:42 INFO  [SpringApplicationShutdownHook] com.zaxxer.hikari.HikariDataSource - HikariPool-2 - Shutdown completed.
2025-07-16 16:30:42 INFO  [SpringApplicationShutdownHook] o.s.o.j.LocalContainerEntityManagerFactoryBean - Closing JPA EntityManagerFactory for persistence unit 'platform'
2025-07-16 16:30:42 INFO  [SpringApplicationShutdownHook] com.zaxxer.hikari.HikariDataSource - HikariPool-1 - Shutdown initiated...
2025-07-16 16:30:42 INFO  [SpringApplicationShutdownHook] com.zaxxer.hikari.HikariDataSource - HikariPool-1 - Shutdown completed.
